insert into Hunter_experience values(1231,10);
insert into Hunter values(0,'Svelte Spank',36,'M',1231,767535,NULL);
insert into Team values('Helmed Scathes','E',0);
insert into MissionHolder_reputation values(2536821,'S');
insert into MissionHolder values(0,40,'Wound Darts',2536821);
insert into Hunter_experience values(7325,50);
insert into Hunter values(1,'Bit Pilch',40,'M',7325,783475,NULL);
insert into MissionHolder_reputation values(2953505,'S');
insert into MissionHolder values(1,0,'Blate Mil',2953505);
insert into Hunter_experience values(3193,25);
insert into Hunter values(2,'Perk Oaf',17,'M',3193,603543,NULL);
insert into Team values('Talc Ramp','C',2);
insert into MissionHolder_reputation values(2805521,'S');
insert into MissionHolder values(2,16,'Milled Junk',2805521);
insert into Hunter_experience values(4481,25);
insert into Hunter values(3,'Hurt Eyne',26,'F',4481,820743,NULL);
insert into MissionHolder_reputation values(2452382,'S');
insert into MissionHolder values(3,66,'Dern Synds',2452382);
insert into Hunter_experience values(8912,50);
insert into Hunter values(4,'Perk Clifts',99,'M',8912,312119,NULL);
insert into Team values('Beige Scud','C',4);
insert into MissionHolder_reputation values(612140,'S');
insert into MissionHolder values(4,83,'Stray Shote',612140);
insert into Hunter_experience values(3007,25);
insert into Hunter values(5,'Tough Psyches',84,'M',3007,954743,NULL);
insert into MissionHolder_reputation values(4143219,'S');
insert into MissionHolder values(5,13,'Ranged Chrism',4143219);
insert into Hunter_experience values(6917,50);
insert into Hunter values(6,'Sworn Stonk',42,'M',6917,418632,NULL);
insert into Team values('Trussed Paunch','D',6);
insert into MissionHolder_reputation values(4015028,'S');
insert into MissionHolder values(6,51,'Picked Quist',4015028);
insert into Hunter_experience values(4391,25);
insert into Hunter values(7,'Loud Splosh',64,'M',4391,242459,NULL);
insert into MissionHolder_reputation values(4564691,'S');
insert into MissionHolder values(7,0,'Squab Odds',4564691);
insert into Hunter_experience values(6297,50);
insert into Hunter values(8,'Freer Crays',95,'F',6297,288123,NULL);
insert into Team values('Whorled Found','B',8);
insert into MissionHolder_reputation values(6747896,'S');
insert into MissionHolder values(8,95,'Swish Dryer',6747896);
insert into Hunter_experience values(8686,50);
insert into Hunter values(9,'Used Sprouts',65,'F',8686,464751,NULL);
insert into MissionHolder_reputation values(7768843,'S');
insert into MissionHolder values(9,36,'Wide Grits',7768843);
insert into Item values(81,0,NULL,'AquamarineStunts','D',8,837);
insert into Item_Name values('AquamarineStunts','Nulla in eleifend augue. Praesent ultricies dapibus velit, nec volutpat odio semper feugiat. Sed vitae porttitor massa. Integer ac finibus enim. Suspendisse imperdiet sollicitudin ex, aliquam congue mi vestibulum vel. Suspendisse nec tristique mauris. Nunc metus felis, gravida ut faucibus et, bibendum nec nunc. Proin dictum dapibus risus et luctus.');
insert into Monster values(42,'BronzeSwartSquirrel','BoulleSapphire',88,100,'T');
insert into Hunting_missions values(751,NULL,0,394902,199041,'Cras scelerisque in elit vel pharetra. Nulla posuere neque metus. In accumsan quis ex a luctus. Curabitur nec varius mi. Donec sit amet est vel.','2017-08-11',NULL,NULL,NULL,NULL);
insert into Hunting_missions_difficulty values('A',394902,199041);
insert into MMission_has_Monster values(751,4);
insert into Item values(13,1,NULL,'GreyThread','D',61,62);
insert into Item_Name values('GreyThread','Nullam et viverra magna. Aenean semper eget mauris a pulvinar. Vestibulum in commodo est. Aenean fringilla mattis lacinia. Nullam quis accumsan enim, sed dapibus ex. Proin vehicula, ante eu ultricies eleifend, mi felis lobortis massa, ac venenatis orci tellus ut ligula. Duis convallis nisi pretium, venenatis tellus condimentum, facilisis velit.');
insert into Monster values(75,'CherryDrunkBaboon','JimpSienna',39,100,'F');
insert into Hunting_missions values(658,NULL,1,705751,393330,'Ut sit amet lectus lorem. Proin hendrerit diam et metus eleifend, quis pulvinar ligula rutrum. Aliquam nec vestibulum elit. Aliquam ut vestibulum velit, id venenatis.','2017-08-11',NULL,NULL,NULL,NULL);
insert into Hunting_missions_difficulty values('S',705751,393330);
insert into MMission_has_Monster values(658,3);
insert into Item values(57,2,NULL,'IvoryZees','B',96,823);
insert into Item_Name values('IvoryZees','Integer turpis arcu, ultricies pulvinar metus at, ultricies commodo purus. Duis in enim semper tortor sagittis egestas. Phasellus rhoncus vel nisl sit amet gravida. Donec.');
insert into Monster values(88,'CyanRakedPeafowl','PissedCopper',34,100,'T');
insert into Hunting_missions values(80,NULL,2,244493,364938,'Praesent orci tortor, ullamcorper vel nunc non, luctus ultrices turpis. Cras ornare, purus eget suscipit dictum, dui lorem euismod erat, vel malesuada lacus dolor fermentum.','2017-08-11',NULL,NULL,NULL,NULL);
insert into Hunting_missions_difficulty values('A',244493,364938);
insert into MMission_has_Monster values(80,7);
insert into Item values(5,3,NULL,'PlumDwells','D',33,832);
insert into Item_Name values('PlumDwells','Nulla in eleifend augue. Praesent ultricies dapibus velit, nec volutpat odio semper feugiat. Sed vitae porttitor massa. Integer ac finibus enim. Suspendisse imperdiet sollicitudin ex, aliquam congue mi vestibulum vel. Suspendisse nec tristique mauris. Nunc metus felis, gravida ut faucibus et, bibendum nec nunc. Proin dictum dapibus risus et luctus.');
insert into Monster values(37,'TurquoiseFumedHeron','SpruceBlue',146,100,'F');
insert into Hunting_missions values(935,NULL,3,249321,307640,'Nulla in eleifend augue. Praesent ultricies dapibus velit, nec volutpat odio semper feugiat. Sed vitae porttitor massa. Integer ac finibus enim. Suspendisse imperdiet sollicitudin ex, aliquam congue mi vestibulum vel. Suspendisse nec tristique mauris. Nunc metus felis, gravida ut faucibus et, bibendum nec nunc. Proin dictum dapibus risus et luctus.','2017-08-11',NULL,NULL,NULL,NULL);
insert into Hunting_missions_difficulty values('S',249321,307640);
insert into MMission_has_Monster values(935,0);
insert into Item values(19,4,NULL,'BeigeHurt','E',32,547);
insert into Item_Name values('BeigeHurt','Cras scelerisque in elit vel pharetra. Nulla posuere neque metus. In accumsan quis ex a luctus. Curabitur nec varius mi. Donec sit amet est vel.');
insert into Monster values(58,'FuchsiaSereQuail','BragCoral',28,100,'F');
insert into Hunting_missions values(252,NULL,4,851321,576002,'Praesent orci tortor, ullamcorper vel nunc non, luctus ultrices turpis. Cras ornare, purus eget suscipit dictum, dui lorem euismod erat, vel malesuada lacus dolor fermentum.','2017-08-11',NULL,NULL,NULL,NULL);
insert into Hunting_missions_difficulty values('S',851321,576002);
insert into MMission_has_Monster values(252,9);
insert into Item values(12,5,NULL,'BlueNeuks','A',12,50519);
insert into Item_Name values('BlueNeuks','Nullam et viverra magna. Aenean semper eget mauris a pulvinar. Vestibulum in commodo est. Aenean fringilla mattis lacinia. Nullam quis accumsan enim, sed dapibus ex. Proin vehicula, ante eu ultricies eleifend, mi felis lobortis massa, ac venenatis orci tellus ut ligula. Duis convallis nisi pretium, venenatis tellus condimentum, facilisis velit.');
insert into Monster values(31,'SapphireTiercedCrow','VoidSienna',47,100,'T');
insert into Hunting_missions values(890,NULL,5,914386,570163,'Sed sed eros nec velit ornare euismod id ut dolor. Etiam turpis ligula, viverra eget hendrerit eu, suscipit et urna. Maecenas consequat metus ut odio lobortis tristique. Phasellus tincidunt eros et commodo pulvinar. Nam vel mollis tortor. Suspendisse potenti. Morbi vel rutrum nunc. Vestibulum eget ex eu erat convallis fermentum.','2017-08-11',NULL,NULL,NULL,NULL);
insert into Hunting_missions_difficulty values('S',914386,570163);
insert into MMission_has_Monster values(890,1);
insert into Item values(95,6,NULL,'IndigoTan','A',77,2725);
insert into Item_Name values('IndigoTan','Vestibulum nec egestas lorem. Phasellus euismod neque ut vehicula lobortis. Nulla posuere euismod dignissim. Donec vel eros pellentesque, fermentum arcu id, mollis dui. Sed libero.');
insert into Monster values(90,'BlueFeignedRed panda','CreolePearl',13,100,'T');
insert into Hunting_missions values(777,NULL,6,943303,547818,'Quisque aliquam magna ac pellentesque aliquet. Ut a magna vitae odio consequat faucibus vitae non felis. Morbi sodales auctor tristique. Nam eu mi quis erat.','2017-08-11',NULL,NULL,NULL,NULL);
insert into Hunting_missions_difficulty values('S',943303,547818);
insert into MMission_has_Monster values(777,0);
