insert into Hunter_experience values(6508,50);
insert into Hunter values(0,'Litho Flicks',0,'F',6508,145769,NULL);
insert into Team values('Tanked Shift','A',0);
insert into MissionHolder_reputation values(7769420,'S');
insert into MissionHolder values(0,28,'Nigh Douche',7769420);
insert into Hunter_experience values(4738,25);
insert into Hunter values(1,'Chaste Sleaves',31,'F',4738,983079,NULL);
insert into MissionHolder_reputation values(653859,'S');
insert into MissionHolder values(1,16,'Worst Plonks',653859);
insert into Hunter_experience values(3006,25);
insert into Hunter values(2,'Ski Sleigh',64,'F',3006,191789,NULL);
insert into Team values('Metal Steads','A',2);
insert into MissionHolder_reputation values(5051347,'S');
insert into MissionHolder values(2,42,'Ghast Mares',5051347);
insert into Hunter_experience values(3139,25);
insert into Hunter values(3,'Forced Roup',35,'M',3139,726462,NULL);
insert into MissionHolder_reputation values(4940536,'S');
insert into MissionHolder values(3,90,'Schlock Roan',4940536);
insert into Hunter_experience values(8862,50);
insert into Hunter values(4,'Triste Coigne',42,'M',8862,79775,NULL);
insert into Team values('Bit Pyre','B',4);
insert into MissionHolder_reputation values(1873730,'S');
insert into MissionHolder values(4,78,'Slain Grimes',1873730);
insert into Hunter_experience values(6361,50);
insert into Hunter values(5,'Next Poof',43,'F',6361,440593,NULL);
insert into MissionHolder_reputation values(5563363,'S');
insert into MissionHolder values(5,41,'Keyed Dad',5563363);
insert into Hunter_experience values(4056,25);
insert into Hunter values(6,'Slain Gunk',26,'F',4056,787466,NULL);
insert into Team values('Mesne Sleighs','A',6);
insert into MissionHolder_reputation values(2559220,'S');
insert into MissionHolder values(6,74,'Checked Sleeps',2559220);
insert into Hunter_experience values(4528,25);
insert into Hunter values(7,'Grave Spinks',14,'F',4528,573844,NULL);
insert into MissionHolder_reputation values(9034278,'S');
insert into MissionHolder values(7,53,'Incog Bastes',9034278);
insert into Hunter_experience values(1058,10);
insert into Hunter values(8,'Vast Wombs',49,'M',1058,715352,NULL);
insert into Team values('Spick Grime','C',8);
insert into MissionHolder_reputation values(3916843,'S');
insert into MissionHolder values(8,7,'Bust Swills',3916843);
insert into Hunter_experience values(7986,50);
insert into Hunter values(9,'Svelte Trapes',69,'F',7986,186871,NULL);
insert into MissionHolder_reputation values(1179031,'S');
insert into MissionHolder values(9,25,'Skilled Greet',1179031);
insert into Item values(41,0,NULL,'AquamarineBreadth','A',4,52863);
insert into Item_Name values('AquamarineBreadth','Suspendisse porttitor dignissim sem, eu faucibus metus fringilla ut. Fusce massa enim, dictum quis tristique sed, tristique quis enim. In lectus sapien, cursus vel ultrices.');
insert into Monster values(72,'AzureBlowzedcrocodile','TiledChartreuse',12,100,'T');
insert into Hunting_missions values(590,NULL,0,541352,585602,'Pellentesque habitant morbi tristique senectus et netus et malesuada fames ac turpis egestas. Nullam eget ullamcorper arcu. Curabitur dictum nisl condimentum mauris semper, et scelerisque.','2017-08-11',NULL,NULL,NULL,NULL);
insert into Hunting_missions_difficulty values('S',541352,585602);
insert into MMission_has_Monster values(590,2);
insert into Item values(77,1,NULL,'TuscanOlms','E',88,237);
insert into Item_Name values('TuscanOlms','Nulla eget faucibus ipsum. Curabitur vehicula feugiat magna, ac vehicula leo mattis at. Sed sapien ipsum, vehicula at lectus id, viverra ullamcorper erat. Nam sit.');
insert into Monster values(69,'AuburnVexedLyrebird','BustTan',99,100,'F');
insert into Hunting_missions values(139,NULL,1,755783,39141,'Nulla in eleifend augue. Praesent ultricies dapibus velit, nec volutpat odio semper feugiat. Sed vitae porttitor massa. Integer ac finibus enim. Suspendisse imperdiet sollicitudin ex, aliquam congue mi vestibulum vel. Suspendisse nec tristique mauris. Nunc metus felis, gravida ut faucibus et, bibendum nec nunc. Proin dictum dapibus risus et luctus.','2017-08-11',NULL,NULL,NULL,NULL);
insert into Hunting_missions_difficulty values('S',755783,39141);
insert into MMission_has_Monster values(139,5);
insert into Item values(86,2,NULL,'SapphireTai','S',50,433079);
insert into Item_Name values('SapphireTai','Ut sit amet lectus lorem. Proin hendrerit diam et metus eleifend, quis pulvinar ligula rutrum. Aliquam nec vestibulum elit. Aliquam ut vestibulum velit, id venenatis.');
insert into Monster values(8,'TurquoiseTiredGull','PerkAquamarine',32,100,'F');
insert into Hunting_missions values(453,NULL,2,105876,392428,'Pellentesque habitant morbi tristique senectus et netus et malesuada fames ac turpis egestas. Nullam eget ullamcorper arcu. Curabitur dictum nisl condimentum mauris semper, et scelerisque.','2017-08-11',NULL,NULL,NULL,NULL);
insert into Hunting_missions_difficulty values('S',105876,392428);
insert into MMission_has_Monster values(453,5);
insert into Item values(67,3,NULL,'IndigoSpean','D',32,317);
insert into Item_Name values('IndigoSpean','Pellentesque habitant morbi tristique senectus et netus et malesuada fames ac turpis egestas. Nullam eget ullamcorper arcu. Curabitur dictum nisl condimentum mauris semper, et scelerisque.');
insert into Monster values(63,'SiennaMoonedtoad','DeftIvory',133,100,'T');
insert into Hunting_missions values(667,NULL,3,175508,281021,'Ut sit amet lectus lorem. Proin hendrerit diam et metus eleifend, quis pulvinar ligula rutrum. Aliquam nec vestibulum elit. Aliquam ut vestibulum velit, id venenatis.','2017-08-11',NULL,NULL,NULL,NULL);
insert into Hunting_missions_difficulty values('S',175508,281021);
insert into MMission_has_Monster values(667,4);
insert into Item values(50,4,NULL,'VioletTwang','D',72,837);
insert into Item_Name values('VioletTwang','Praesent orci tortor, ullamcorper vel nunc non, luctus ultrices turpis. Cras ornare, purus eget suscipit dictum, dui lorem euismod erat, vel malesuada lacus dolor fermentum.');
insert into Monster values(42,'PearlSwartRed panda','DrabTeal',36,100,'F');
insert into Hunting_missions values(758,NULL,4,934786,286953,'Pellentesque habitant morbi tristique senectus et netus et malesuada fames ac turpis egestas. Nullam eget ullamcorper arcu. Curabitur dictum nisl condimentum mauris semper, et scelerisque.','2017-08-11',NULL,NULL,NULL,NULL);
insert into Hunting_missions_difficulty values('S',934786,286953);
insert into MMission_has_Monster values(758,3);
insert into Item values(25,5,NULL,'PurpleDrowse','D',43,424);
insert into Item_Name values('PurpleDrowse','Vestibulum nec egestas lorem. Phasellus euismod neque ut vehicula lobortis. Nulla posuere euismod dignissim. Donec vel eros pellentesque, fermentum arcu id, mollis dui. Sed libero.');
insert into Monster values(7,'IvoryTwinnedrooster','HarshYellow',131,100,'T');
insert into Hunting_missions values(579,NULL,5,292741,197383,'Aenean cursus elit arcu, eget porttitor lacus pharetra sed. Etiam quis tristique urna. Nulla ut orci orci. Curabitur eu justo ut mi placerat rhoncus id.','2017-08-11',NULL,NULL,NULL,NULL);
insert into Hunting_missions_difficulty values('S',292741,197383);
insert into MMission_has_Monster values(579,2);
insert into Item values(0,6,NULL,'PurpleGrouts','A',49,82817);
insert into Item_Name values('PurpleGrouts','Suspendisse porttitor dignissim sem, eu faucibus metus fringilla ut. Fusce massa enim, dictum quis tristique sed, tristique quis enim. In lectus sapien, cursus vel ultrices.');
insert into Monster values(26,'GoldBoiledzebra','CrackedCyan',11,100,'F');
insert into Hunting_missions values(117,NULL,6,626278,186834,'Nullam et viverra magna. Aenean semper eget mauris a pulvinar. Vestibulum in commodo est. Aenean fringilla mattis lacinia. Nullam quis accumsan enim, sed dapibus ex. Proin vehicula, ante eu ultricies eleifend, mi felis lobortis massa, ac venenatis orci tellus ut ligula. Duis convallis nisi pretium, venenatis tellus condimentum, facilisis velit.','2017-08-11',NULL,NULL,NULL,NULL);
insert into Hunting_missions_difficulty values('S',626278,186834);
insert into MMission_has_Monster values(117,2);
