insert into Hunter_experience values(7476,50);
insert into Hunter values(0,'Tai Slime',50,'F',7476,545228,NULL);
insert into Team values('Daft Lores','D',0);
update Hunter set teamName = 'Daft Lores' where hunterID =0;
insert into MissionHolder_reputation values(2584732,'S');
insert into MissionHolder values(0,56,'Spired Burds',2584732);
insert into Hunter_experience values(6697,50);
insert into Hunter values(1,'Lobed Stair',19,'M',6697,222424,NULL);
insert into MissionHolder_reputation values(2131135,'S');
insert into MissionHolder values(1,7,'Wired Coss',2131135);
insert into Hunter_experience values(6889,50);
insert into Hunter values(2,'Clad Scour',72,'M',6889,880272,NULL);
insert into Team values('Sown Quids','B',2);
update Hunter set teamName = 'Sown Quids' where hunterID =2;
insert into MissionHolder_reputation values(9725825,'S');
insert into MissionHolder values(2,72,'Loth Griff',9725825);
insert into Hunter_experience values(8871,50);
insert into Hunter values(3,'Tame Dowse',4,'F',8871,914315,NULL);
insert into MissionHolder_reputation values(3556733,'S');
insert into MissionHolder values(3,44,'Backed Fells',3556733);
insert into Hunter_experience values(7572,50);
insert into Hunter values(4,'Barred Chines',30,'F',7572,51569,NULL);
insert into Team values('Crude Sett','B',4);
update Hunter set teamName = 'Crude Sett' where hunterID =4;
insert into MissionHolder_reputation values(4255130,'S');
insert into MissionHolder values(4,82,'Gilt Grate',4255130);
insert into Hunter_experience values(1749,10);
insert into Hunter values(5,'Thae Fuse',65,'F',1749,675609,NULL);
insert into MissionHolder_reputation values(8755672,'S');
insert into MissionHolder values(5,23,'Wale Churns',8755672);
insert into Hunter_experience values(7673,50);
insert into Hunter values(6,'Langued Sass',33,'M',7673,119754,NULL);
insert into Team values('Halt Tum','A',6);
update Hunter set teamName = 'Halt Tum' where hunterID =6;
insert into MissionHolder_reputation values(7562259,'S');
insert into MissionHolder values(6,81,'Done Lure',7562259);
insert into Hunter_experience values(7953,50);
insert into Hunter values(7,'Sheer Wreaths',20,'M',7953,393341,NULL);
insert into MissionHolder_reputation values(1608049,'S');
insert into MissionHolder values(7,47,'Feat Gaze',1608049);
insert into Hunter_experience values(1382,10);
insert into Hunter values(8,'Mild Prods',31,'M',1382,578571,NULL);
insert into Team values('Mute Quests','D',8);
update Hunter set teamName = 'Mute Quests' where hunterID =8;
insert into MissionHolder_reputation values(9836796,'S');
insert into MissionHolder values(8,0,'Braw Rube',9836796);
insert into Hunter_experience values(2819,25);
insert into Hunter values(9,'Stewed Grogs',12,'M',2819,357935,NULL);
insert into MissionHolder_reputation values(5541075,'S');
insert into MissionHolder values(9,70,'Cur Hefts',5541075);
insert into Hunter_experience values(5193,50);
insert into Hunter values(10,'Spired Aits',45,'F',5193,930355,NULL);
insert into Team values('Harsh Thumbs','B',10);
update Hunter set teamName = 'Harsh Thumbs' where hunterID =10;
insert into MissionHolder_reputation values(2356700,'S');
insert into MissionHolder values(10,97,'Snecked Wen',2356700);
insert into Hunter_experience values(1922,10);
insert into Hunter values(11,'Whorled Flicks',21,'M',1922,665855,NULL);
insert into MissionHolder_reputation values(7974340,'S');
insert into MissionHolder values(11,71,'Sane Deils',7974340);
insert into Hunter_experience values(2928,25);
insert into Hunter values(12,'Eared Ligne',4,'M',2928,876555,NULL);
insert into Team values('Staid Flips','S',12);
update Hunter set teamName = 'Staid Flips' where hunterID =12;
insert into MissionHolder_reputation values(1501100,'S');
insert into MissionHolder values(12,86,'Lowse Fix',1501100);
insert into Hunter_experience values(8551,50);
insert into Hunter values(13,'Tum Romp',99,'M',8551,634233,NULL);
insert into MissionHolder_reputation values(3587378,'S');
insert into MissionHolder values(13,45,'Fore Dens',3587378);
insert into Hunter_experience values(1430,10);
insert into Hunter values(14,'Paid Praise',38,'F',1430,969689,NULL);
insert into Team values('Crutched Dues','S',14);
update Hunter set teamName = 'Crutched Dues' where hunterID =14;
insert into MissionHolder_reputation values(2061941,'S');
insert into MissionHolder values(14,86,'Toothed Swoons',2061941);
insert into Hunter_experience values(5961,50);
insert into Hunter values(15,'Paned Bile',43,'M',5961,34553,NULL);
insert into MissionHolder_reputation values(3256672,'S');
insert into MissionHolder values(15,81,'Fou Drags',3256672);
insert into Hunter_experience values(6895,50);
insert into Hunter values(16,'Sized Ache',99,'F',6895,487617,NULL);
insert into Team values('Staged Are','S',16);
update Hunter set teamName = 'Staged Are' where hunterID =16;
insert into MissionHolder_reputation values(6397855,'S');
insert into MissionHolder values(16,40,'Snecked Volts',6397855);
insert into Hunter_experience values(5442,50);
insert into Hunter values(17,'Guns Dit',96,'M',5442,814751,NULL);
insert into MissionHolder_reputation values(5370268,'S');
insert into MissionHolder values(17,11,'Told Brumes',5370268);
insert into Hunter_experience values(6130,50);
insert into Hunter values(18,'Fit Pekes',14,'M',6130,745080,NULL);
insert into Team values('Sad Thrifts','B',18);
update Hunter set teamName = 'Sad Thrifts' where hunterID =18;
insert into MissionHolder_reputation values(7565750,'S');
insert into MissionHolder values(18,59,'Bare Tire',7565750);
insert into Hunter_experience values(1825,10);
insert into Hunter values(19,'Dull Looms',86,'F',1825,906799,NULL);
insert into MissionHolder_reputation values(5794117,'S');
insert into MissionHolder values(19,23,'Skilled Oath',5794117);
insert into Item values(1,1,NULL,'PinkDhow','S',21,327151);
insert into Item_Name values('PinkDhow','Fusce sed ipsum a dui dapibus dictum luctus eget massa. Nullam sem sem, iaculis id metus ut, pulvinar blandit purus. Nullam tristique nisl eget arcu.');
insert into Monster values(1,'PurpleBriefApe','LownPlum',12,100,'T');
insert into Hunting_missions values(223,NULL,1,761271,237819,'Vestibulum nec egestas lorem. Phasellus euismod neque ut vehicula lobortis. Nulla posuere euismod dignissim. Donec vel eros pellentesque, fermentum arcu id, mollis dui. Sed libero.','2017-08-11',NULL,NULL,NULL,NULL);
insert into Hunting_missions_difficulty values('A',761271,237819);
insert into MMission_has_Monster values(223,0);
insert into Item_Foraging_Mission values(1,NULL,0,'2017-08-11','Nullam et viverra magna. Aenean semper eget mauris a pulvinar. Vestibulum in commodo est. Aenean fringilla mattis lacinia. Nullam quis accumsan enim, sed dapibus ex. Proin vehicula, ante eu ultricies eleifend, mi felis lobortis massa, ac venenatis orci tellus ut ligula. Duis convallis nisi pretium, venenatis tellus condimentum, facilisis velit.',217707,64065,NULL,NULL,NULL,NULL);
insert into Item_Mission_Difficulty values('A',217707,64065);
insert into IMission_has_Item values(1,1);
insert into Item values(2,2,NULL,'TuscanDongs','E',86,433);
insert into Item_Name values('TuscanDongs','Sed sed eros nec velit ornare euismod id ut dolor. Etiam turpis ligula, viverra eget hendrerit eu, suscipit et urna. Maecenas consequat metus ut odio lobortis tristique. Phasellus tincidunt eros et commodo pulvinar. Nam vel mollis tortor. Suspendisse potenti. Morbi vel rutrum nunc. Vestibulum eget ex eu erat convallis fermentum.');
insert into Monster values(2,'LimeQuaintWorm','NighPlum',54,100,'F');
insert into Hunting_missions values(951,NULL,2,400026,175855,'Nulla in eleifend augue. Praesent ultricies dapibus velit, nec volutpat odio semper feugiat. Sed vitae porttitor massa. Integer ac finibus enim. Suspendisse imperdiet sollicitudin ex, aliquam congue mi vestibulum vel. Suspendisse nec tristique mauris. Nunc metus felis, gravida ut faucibus et, bibendum nec nunc. Proin dictum dapibus risus et luctus.','2017-08-11',NULL,NULL,NULL,NULL);
insert into Hunting_missions_difficulty values('S',400026,175855);
insert into MMission_has_Monster values(951,1);
insert into Item_Foraging_Mission values(2,NULL,1,'2017-08-11','Fusce sed ipsum a dui dapibus dictum luctus eget massa. Nullam sem sem, iaculis id metus ut, pulvinar blandit purus. Nullam tristique nisl eget arcu.',71473,111168,NULL,NULL,NULL,NULL);
insert into Item_Mission_Difficulty values('C',71473,111168);
insert into IMission_has_Item values(2,1);
insert into Item values(3,3,NULL,'BlueNefs','A',71,56889);
insert into Item_Name values('BlueNefs','Vestibulum nec egestas lorem. Phasellus euismod neque ut vehicula lobortis. Nulla posuere euismod dignissim. Donec vel eros pellentesque, fermentum arcu id, mollis dui. Sed libero.');
insert into Monster values(3,'CyanGrilledelephant','DrearMagenta',79,100,'F');
insert into Hunting_missions values(899,NULL,3,448619,195719,'Suspendisse porttitor dignissim sem, eu faucibus metus fringilla ut. Fusce massa enim, dictum quis tristique sed, tristique quis enim. In lectus sapien, cursus vel ultrices.','2017-08-11',NULL,NULL,NULL,NULL);
insert into Hunting_missions_difficulty values('A',448619,195719);
insert into MMission_has_Monster values(899,0);
insert into Item_Foraging_Mission values(3,NULL,2,'2017-08-11','Aenean cursus elit arcu, eget porttitor lacus pharetra sed. Etiam quis tristique urna. Nulla ut orci orci. Curabitur eu justo ut mi placerat rhoncus id.',913332,280772,NULL,NULL,NULL,NULL);
insert into Item_Mission_Difficulty values('S',913332,280772);
insert into IMission_has_Item values(3,1);
insert into Item values(4,4,NULL,'OliveLacks','C',30,199);
insert into Item_Name values('OliveLacks','Quisque aliquam magna ac pellentesque aliquet. Ut a magna vitae odio consequat faucibus vitae non felis. Morbi sodales auctor tristique. Nam eu mi quis erat.');
insert into Monster values(4,'AquamarineThroughKomodo dragon','SlateRed',108,100,'F');
insert into Hunting_missions values(185,NULL,4,562290,17349,'Praesent orci tortor, ullamcorper vel nunc non, luctus ultrices turpis. Cras ornare, purus eget suscipit dictum, dui lorem euismod erat, vel malesuada lacus dolor fermentum.','2017-08-11',NULL,NULL,NULL,NULL);
insert into Hunting_missions_difficulty values('A',562290,17349);
insert into MMission_has_Monster values(185,3);
insert into Item_Foraging_Mission values(4,NULL,0,'2017-08-11','Sed sed eros nec velit ornare euismod id ut dolor. Etiam turpis ligula, viverra eget hendrerit eu, suscipit et urna. Maecenas consequat metus ut odio lobortis tristique. Phasellus tincidunt eros et commodo pulvinar. Nam vel mollis tortor. Suspendisse potenti. Morbi vel rutrum nunc. Vestibulum eget ex eu erat convallis fermentum.',389085,38572,NULL,NULL,NULL,NULL);
insert into Item_Mission_Difficulty values('C',389085,38572);
insert into IMission_has_Item values(4,4);
insert into Item values(5,5,NULL,'VioletCirques','B',86,7770);
insert into Item_Name values('VioletCirques','Nulla eget faucibus ipsum. Curabitur vehicula feugiat magna, ac vehicula leo mattis at. Sed sapien ipsum, vehicula at lectus id, viverra ullamcorper erat. Nam sit.');
insert into Monster values(5,'BronzeTauntocelot','GorgedPurple',147,100,'F');
insert into Hunting_missions values(529,NULL,5,746390,23549,'Sed sed eros nec velit ornare euismod id ut dolor. Etiam turpis ligula, viverra eget hendrerit eu, suscipit et urna. Maecenas consequat metus ut odio lobortis tristique. Phasellus tincidunt eros et commodo pulvinar. Nam vel mollis tortor. Suspendisse potenti. Morbi vel rutrum nunc. Vestibulum eget ex eu erat convallis fermentum.','2017-08-11',NULL,NULL,NULL,NULL);
insert into Hunting_missions_difficulty values('A',746390,23549);
insert into MMission_has_Monster values(529,4);
insert into Item_Foraging_Mission values(5,NULL,3,'2017-08-11','Cras scelerisque in elit vel pharetra. Nulla posuere neque metus. In accumsan quis ex a luctus. Curabitur nec varius mi. Donec sit amet est vel.',50142,390355,NULL,NULL,NULL,NULL);
insert into Item_Mission_Difficulty values('C',50142,390355);
insert into IMission_has_Item values(5,1);
insert into Item values(6,6,NULL,'ChartreuseNims','B',61,1007);
insert into Item_Name values('ChartreuseNims','Cras facilisis, ligula quis tempor finibus, erat ex pharetra metus, eu blandit ligula magna eu sem. Mauris imperdiet mauris tellus, nec vestibulum justo hendrerit eu. Nulla luctus erat in est tempus luctus. Praesent in elit ex. Pellentesque mattis justo vel ipsum molestie, eu aliquet neque finibus. Donec malesuada risus id.');
insert into Monster values(6,'TurquoiseBentNewt','QuitChartreuse',20,100,'F');
insert into Hunting_missions values(142,NULL,6,31367,321574,'Nullam et viverra magna. Aenean semper eget mauris a pulvinar. Vestibulum in commodo est. Aenean fringilla mattis lacinia. Nullam quis accumsan enim, sed dapibus ex. Proin vehicula, ante eu ultricies eleifend, mi felis lobortis massa, ac venenatis orci tellus ut ligula. Duis convallis nisi pretium, venenatis tellus condimentum, facilisis velit.','2017-08-11',NULL,NULL,NULL,NULL);
insert into Hunting_missions_difficulty values('B',31367,321574);
insert into MMission_has_Monster values(142,0);
insert into Item_Foraging_Mission values(6,NULL,3,'2017-08-11','Ut sit amet lectus lorem. Proin hendrerit diam et metus eleifend, quis pulvinar ligula rutrum. Aliquam nec vestibulum elit. Aliquam ut vestibulum velit, id venenatis.',485837,337619,NULL,NULL,NULL,NULL);
insert into Item_Mission_Difficulty values('S',485837,337619);
insert into IMission_has_Item values(6,4);
insert into Item values(7,7,NULL,'BlueLeaps','A',73,48173);
insert into Item_Name values('BlueLeaps','Aenean cursus elit arcu, eget porttitor lacus pharetra sed. Etiam quis tristique urna. Nulla ut orci orci. Curabitur eu justo ut mi placerat rhoncus id.');
insert into Monster values(7,'AquamarineDereHuman','SuperRed',29,100,'T');
insert into Hunting_missions values(872,NULL,7,358785,577917,'Suspendisse porttitor dignissim sem, eu faucibus metus fringilla ut. Fusce massa enim, dictum quis tristique sed, tristique quis enim. In lectus sapien, cursus vel ultrices.','2017-08-11',NULL,NULL,NULL,NULL);
insert into Hunting_missions_difficulty values('A',358785,577917);
insert into MMission_has_Monster values(872,2);
insert into Item_Foraging_Mission values(7,NULL,3,'2017-08-11','Pellentesque habitant morbi tristique senectus et netus et malesuada fames ac turpis egestas. Nullam eget ullamcorper arcu. Curabitur dictum nisl condimentum mauris semper, et scelerisque.',376653,501125,NULL,NULL,NULL,NULL);
insert into Item_Mission_Difficulty values('A',376653,501125);
insert into IMission_has_Item values(7,5);
insert into Item values(8,8,NULL,'LimeSkein','B',34,2622);
insert into Item_Name values('LimeSkein','Praesent orci tortor, ullamcorper vel nunc non, luctus ultrices turpis. Cras ornare, purus eget suscipit dictum, dui lorem euismod erat, vel malesuada lacus dolor fermentum.');
insert into Monster values(8,'MaroonFunCrab','ReferTeal',56,100,'F');
insert into Hunting_missions values(907,NULL,8,488383,535888,'Pellentesque habitant morbi tristique senectus et netus et malesuada fames ac turpis egestas. Nullam eget ullamcorper arcu. Curabitur dictum nisl condimentum mauris semper, et scelerisque.','2017-08-11',NULL,NULL,NULL,NULL);
insert into Hunting_missions_difficulty values('S',488383,535888);
insert into MMission_has_Monster values(907,5);
insert into Item_Foraging_Mission values(8,NULL,7,'2017-08-11','Nulla in eleifend augue. Praesent ultricies dapibus velit, nec volutpat odio semper feugiat. Sed vitae porttitor massa. Integer ac finibus enim. Suspendisse imperdiet sollicitudin ex, aliquam congue mi vestibulum vel. Suspendisse nec tristique mauris. Nunc metus felis, gravida ut faucibus et, bibendum nec nunc. Proin dictum dapibus risus et luctus.',415652,394390,NULL,NULL,NULL,NULL);
insert into Item_Mission_Difficulty values('A',415652,394390);
insert into IMission_has_Item values(8,1);
insert into Item values(9,9,NULL,'LavenderPay','B',99,6494);
insert into Item_Name values('LavenderPay','Aenean cursus elit arcu, eget porttitor lacus pharetra sed. Etiam quis tristique urna. Nulla ut orci orci. Curabitur eu justo ut mi placerat rhoncus id.');
insert into Monster values(9,'VioletStraycheetah','CorkedRose',21,100,'F');
insert into Hunting_missions values(200,NULL,9,818473,407504,'Quisque aliquam magna ac pellentesque aliquet. Ut a magna vitae odio consequat faucibus vitae non felis. Morbi sodales auctor tristique. Nam eu mi quis erat.','2017-08-11',NULL,NULL,NULL,NULL);
insert into Hunting_missions_difficulty values('S',818473,407504);
insert into MMission_has_Monster values(200,3);
insert into Item_Foraging_Mission values(9,NULL,4,'2017-08-11','Nulla in eleifend augue. Praesent ultricies dapibus velit, nec volutpat odio semper feugiat. Sed vitae porttitor massa. Integer ac finibus enim. Suspendisse imperdiet sollicitudin ex, aliquam congue mi vestibulum vel. Suspendisse nec tristique mauris. Nunc metus felis, gravida ut faucibus et, bibendum nec nunc. Proin dictum dapibus risus et luctus.',385368,244871,NULL,NULL,NULL,NULL);
insert into Item_Mission_Difficulty values('A',385368,244871);
insert into IMission_has_Item values(9,4);
insert into Item values(10,10,NULL,'BluePall','A',17,99595);
insert into Item_Name values('BluePall','Sed sed eros nec velit ornare euismod id ut dolor. Etiam turpis ligula, viverra eget hendrerit eu, suscipit et urna. Maecenas consequat metus ut odio lobortis tristique. Phasellus tincidunt eros et commodo pulvinar. Nam vel mollis tortor. Suspendisse potenti. Morbi vel rutrum nunc. Vestibulum eget ex eu erat convallis fermentum.');
insert into Monster values(10,'ChartreuseNighMeerkat','SnuffTan',43,100,'T');
insert into Hunting_missions values(738,NULL,10,816855,464713,'Suspendisse porttitor dignissim sem, eu faucibus metus fringilla ut. Fusce massa enim, dictum quis tristique sed, tristique quis enim. In lectus sapien, cursus vel ultrices.','2017-08-11',NULL,NULL,NULL,NULL);
insert into Hunting_missions_difficulty values('S',816855,464713);
insert into MMission_has_Monster values(738,0);
insert into Item_Foraging_Mission values(10,NULL,6,'2017-08-11','Aenean cursus elit arcu, eget porttitor lacus pharetra sed. Etiam quis tristique urna. Nulla ut orci orci. Curabitur eu justo ut mi placerat rhoncus id.',885831,292713,NULL,NULL,NULL,NULL);
insert into Item_Mission_Difficulty values('S',885831,292713);
insert into IMission_has_Item values(10,6);
insert into Item values(11,11,NULL,'PearlHarps','D',73,781);
insert into Item_Name values('PearlHarps','Quisque aliquam magna ac pellentesque aliquet. Ut a magna vitae odio consequat faucibus vitae non felis. Morbi sodales auctor tristique. Nam eu mi quis erat.');
insert into Monster values(11,'BlueScaldStork','RashAmber',118,100,'T');
insert into Hunting_missions values(233,NULL,11,654991,341723,'Suspendisse porttitor dignissim sem, eu faucibus metus fringilla ut. Fusce massa enim, dictum quis tristique sed, tristique quis enim. In lectus sapien, cursus vel ultrices.','2017-08-11',NULL,NULL,NULL,NULL);
insert into Hunting_missions_difficulty values('A',654991,341723);
insert into MMission_has_Monster values(233,7);
insert into Item_Foraging_Mission values(11,NULL,0,'2017-08-11','Praesent orci tortor, ullamcorper vel nunc non, luctus ultrices turpis. Cras ornare, purus eget suscipit dictum, dui lorem euismod erat, vel malesuada lacus dolor fermentum.',960577,160587,NULL,NULL,NULL,NULL);
insert into Item_Mission_Difficulty values('S',960577,160587);
insert into IMission_has_Item values(11,1);
insert into Item values(12,12,NULL,'PeachHobs','A',33,87162);
insert into Item_Name values('PeachHobs','Praesent orci tortor, ullamcorper vel nunc non, luctus ultrices turpis. Cras ornare, purus eget suscipit dictum, dui lorem euismod erat, vel malesuada lacus dolor fermentum.');
insert into Monster values(12,'WhiteTaiEland','LaithTeal',4,100,'F');
insert into Hunting_missions values(550,NULL,12,157394,399332,'Sed sed eros nec velit ornare euismod id ut dolor. Etiam turpis ligula, viverra eget hendrerit eu, suscipit et urna. Maecenas consequat metus ut odio lobortis tristique. Phasellus tincidunt eros et commodo pulvinar. Nam vel mollis tortor. Suspendisse potenti. Morbi vel rutrum nunc. Vestibulum eget ex eu erat convallis fermentum.','2017-08-11',NULL,NULL,NULL,NULL);
insert into Hunting_missions_difficulty values('A',157394,399332);
insert into MMission_has_Monster values(550,1);
insert into Item_Foraging_Mission values(12,NULL,0,'2017-08-11','Fusce sed ipsum a dui dapibus dictum luctus eget massa. Nullam sem sem, iaculis id metus ut, pulvinar blandit purus. Nullam tristique nisl eget arcu.',425206,374817,NULL,NULL,NULL,NULL);
insert into Item_Mission_Difficulty values('A',425206,374817);
insert into IMission_has_Item values(12,5);
insert into Item values(13,13,NULL,'GreyStooks','D',59,648);
insert into Item_Name values('GreyStooks','Nulla in eleifend augue. Praesent ultricies dapibus velit, nec volutpat odio semper feugiat. Sed vitae porttitor massa. Integer ac finibus enim. Suspendisse imperdiet sollicitudin ex, aliquam congue mi vestibulum vel. Suspendisse nec tristique mauris. Nunc metus felis, gravida ut faucibus et, bibendum nec nunc. Proin dictum dapibus risus et luctus.');
insert into Monster values(13,'TealPeevedTermite','WhorledRose',102,100,'T');
insert into Hunting_missions values(67,NULL,13,14690,39669,'Suspendisse porttitor dignissim sem, eu faucibus metus fringilla ut. Fusce massa enim, dictum quis tristique sed, tristique quis enim. In lectus sapien, cursus vel ultrices.','2017-08-11',NULL,NULL,NULL,NULL);
insert into Hunting_missions_difficulty values('C',14690,39669);
insert into MMission_has_Monster values(67,1);
insert into Item_Foraging_Mission values(13,NULL,11,'2017-08-11','Aenean cursus elit arcu, eget porttitor lacus pharetra sed. Etiam quis tristique urna. Nulla ut orci orci. Curabitur eu justo ut mi placerat rhoncus id.',135752,212956,NULL,NULL,NULL,NULL);
insert into Item_Mission_Difficulty values('A',135752,212956);
insert into IMission_has_Item values(13,10);
insert into Item values(14,14,NULL,'CoralClunk','B',50,7787);
insert into Item_Name values('CoralClunk','Pellentesque habitant morbi tristique senectus et netus et malesuada fames ac turpis egestas. Nullam eget ullamcorper arcu. Curabitur dictum nisl condimentum mauris semper, et scelerisque.');
insert into Monster values(14,'CoralSkeighweasel','SlyIvory',104,100,'T');
insert into Hunting_missions values(194,NULL,14,331668,69244,'Aenean cursus elit arcu, eget porttitor lacus pharetra sed. Etiam quis tristique urna. Nulla ut orci orci. Curabitur eu justo ut mi placerat rhoncus id.','2017-08-11',NULL,NULL,NULL,NULL);
insert into Hunting_missions_difficulty values('S',331668,69244);
insert into MMission_has_Monster values(194,1);
insert into Item_Foraging_Mission values(14,NULL,7,'2017-08-11','Cras facilisis, ligula quis tempor finibus, erat ex pharetra metus, eu blandit ligula magna eu sem. Mauris imperdiet mauris tellus, nec vestibulum justo hendrerit eu. Nulla luctus erat in est tempus luctus. Praesent in elit ex. Pellentesque mattis justo vel ipsum molestie, eu aliquet neque finibus. Donec malesuada risus id.',298874,386481,NULL,NULL,NULL,NULL);
insert into Item_Mission_Difficulty values('A',298874,386481);
insert into IMission_has_Item values(14,13);
