insert into Hunter values(0,'Grilled Goads',97,'M',6144,208550,NULL);
insert into Hunter_experience values(6144,50);
insert into Team values('Worst Peats','[Ljava.lang.String;@7f31245a',0);
insert into Item values(22,0,NULL,'FuchsiaSpathe','E',73,990);
insert into Item_Name values('FuchsiaSpathe','Nullam et viverra magna. Aenean semper eget mauris a pulvinar. Vestibulum in commodo est. Aenean fringilla mattis lacinia. Nullam quis accumsan enim, sed dapibus ex. Proin vehicula, ante eu ultricies eleifend, mi felis lobortis massa, ac venenatis orci tellus ut ligula. Duis convallis nisi pretium, venenatis tellus condimentum, facilisis velit.');
insert into MissionHolder values(0,61,'Much Pelt',93,9837763);insert into MissionHolder_reputation values(9837763,S);insert into Hunter values(1,'Dire Stunts',81,'F',7616,992733,NULL);
insert into Hunter_experience values(7616,50);
insert into Item values(20,1,NULL,'CoralQuetsch','B',48,4539);
insert into Item_Name values('CoralQuetsch','Ut sit amet lectus lorem. Proin hendrerit diam et metus eleifend, quis pulvinar ligula rutrum. Aliquam nec vestibulum elit. Aliquam ut vestibulum velit, id venenatis.');
insert into MissionHolder values(1,38,'Fremd Oats',784,7307073);insert into MissionHolder_reputation values(7307073,S);insert into Hunter values(2,'Vain Lees',37,'F',7483,4207,NULL);
insert into Hunter_experience values(7483,50);
insert into Team values('Freer Slubs','[Ljava.lang.String;@6d6f6e28',2);
insert into Item values(34,2,NULL,'CherryBrowse','C',94,25);
insert into Item_Name values('CherryBrowse','Cras scelerisque in elit vel pharetra. Nulla posuere neque metus. In accumsan quis ex a luctus. Curabitur nec varius mi. Donec sit amet est vel.');
insert into MissionHolder values(2,50,'Kept Things',582,9678673);insert into MissionHolder_reputation values(9678673,S);insert into Hunter values(3,'Blown Blonde',65,'M',5554,515634,NULL);
insert into Hunter_experience values(5554,50);
insert into Item values(41,3,NULL,'AmberClous','C',43,546);
insert into Item_Name values('AmberClous','Cras facilisis, ligula quis tempor finibus, erat ex pharetra metus, eu blandit ligula magna eu sem. Mauris imperdiet mauris tellus, nec vestibulum justo hendrerit eu. Nulla luctus erat in est tempus luctus. Praesent in elit ex. Pellentesque mattis justo vel ipsum molestie, eu aliquet neque finibus. Donec malesuada risus id.');
insert into MissionHolder values(3,85,'Luxe Vow',841,9235781);insert into MissionHolder_reputation values(9235781,S);insert into Hunter values(4,'Blowzed Fares',19,'M',1368,100948,NULL);
insert into Hunter_experience values(1368,10);
insert into Team values('Quare Wits','[Ljava.lang.String;@135fbaa4',4);
insert into Item values(13,4,NULL,'AuburnJoist','C',72,587);
insert into Item_Name values('AuburnJoist','Pellentesque habitant morbi tristique senectus et netus et malesuada fames ac turpis egestas. Nullam eget ullamcorper arcu. Curabitur dictum nisl condimentum mauris semper, et scelerisque.');
insert into MissionHolder values(4,63,'Beaut Aisle',507,3973312);insert into MissionHolder_reputation values(3973312,S);insert into Hunter values(5,'Well Oars',71,'M',7996,598362,NULL);
insert into Hunter_experience values(7996,50);
insert into Item values(55,5,NULL,'VanillaTsar','A',94,40445);
insert into Item_Name values('VanillaTsar','Fusce sed ipsum a dui dapibus dictum luctus eget massa. Nullam sem sem, iaculis id metus ut, pulvinar blandit purus. Nullam tristique nisl eget arcu.');
insert into MissionHolder values(5,5,'Smoked Mane',156,790035);insert into MissionHolder_reputation values(790035,S);insert into Hunter values(6,'Stopped Bros',7,'F',4617,952127,NULL);
insert into Hunter_experience values(4617,25);
insert into Team values('Pissed Spasm','[Ljava.lang.String;@45ee12a7',6);
insert into Item values(25,6,NULL,'LimeSend','E',91,574);
insert into Item_Name values('LimeSend','Nulla eget faucibus ipsum. Curabitur vehicula feugiat magna, ac vehicula leo mattis at. Sed sapien ipsum, vehicula at lectus id, viverra ullamcorper erat. Nam sit.');
insert into MissionHolder values(6,11,'Hask Schlock',996,1545344);insert into MissionHolder_reputation values(1545344,S);insert into Hunter values(7,'Snecked Prods',42,'F',6132,638098,NULL);
insert into Hunter_experience values(6132,50);
insert into Item values(22,7,NULL,'GreyJouk','B',52,3918);
insert into Item_Name values('GreyJouk','Aenean cursus elit arcu, eget porttitor lacus pharetra sed. Etiam quis tristique urna. Nulla ut orci orci. Curabitur eu justo ut mi placerat rhoncus id.');
insert into MissionHolder values(7,25,'Drab Jole',239,7394640);insert into MissionHolder_reputation values(7394640,S);insert into Hunter values(8,'Dern Flap',58,'M',2282,957773,NULL);
insert into Hunter_experience values(2282,10);
insert into Team values('Frogged Eel','[Ljava.lang.String;@330bedb4',8);
insert into Item values(81,8,NULL,'BrownShires','E',13,128);
insert into Item_Name values('BrownShires','Suspendisse porttitor dignissim sem, eu faucibus metus fringilla ut. Fusce massa enim, dictum quis tristique sed, tristique quis enim. In lectus sapien, cursus vel ultrices.');
insert into MissionHolder values(8,24,'Masked Lacks',419,4569268);insert into MissionHolder_reputation values(4569268,S);insert into Hunter values(9,'Shed Wold',77,'M',4025,399242,NULL);
insert into Hunter_experience values(4025,25);
insert into Item values(98,9,NULL,'LimeSlips','C',14,524);
insert into Item_Name values('LimeSlips','Praesent orci tortor, ullamcorper vel nunc non, luctus ultrices turpis. Cras ornare, purus eget suscipit dictum, dui lorem euismod erat, vel malesuada lacus dolor fermentum.');
insert into MissionHolder values(9,53,'Dull Whiz',650,6285027);insert into MissionHolder_reputation values(6285027,S);insert into Monster values(37,'MaroonCouthcougar','AwedTan',122,100,'T');
insert into Hunting_missions values(188,NULL,0,958653,124912,'Suspendisse porttitor dignissim sem, eu faucibus metus fringilla ut. Fusce massa enim, dictum quis tristique sed, tristique quis enim. In lectus sapien, cursus vel ultrices.','2017-08-11',NULL,NULL,NULL,NULL);
insert into Huntin_missions_difficulty values(S,958653,124912);
insert into MMission_has_Monster values(188,5);
insert into Monster values(74,'AquamarineTiedMagpie','RashCopper',99,100,'T');
insert into Hunting_missions values(732,NULL,1,289582,432985,'Ut sit amet lectus lorem. Proin hendrerit diam et metus eleifend, quis pulvinar ligula rutrum. Aliquam nec vestibulum elit. Aliquam ut vestibulum velit, id venenatis.','2017-08-11',NULL,NULL,NULL,NULL);
insert into Huntin_missions_difficulty values(A,289582,432985);
insert into MMission_has_Monster values(732,3);
insert into Monster values(42,'SiennaGinnedbeaver','WrappedWhite',59,100,'T');
insert into Hunting_missions values(402,NULL,2,711797,178857,'Sed sed eros nec velit ornare euismod id ut dolor. Etiam turpis ligula, viverra eget hendrerit eu, suscipit et urna. Maecenas consequat metus ut odio lobortis tristique. Phasellus tincidunt eros et commodo pulvinar. Nam vel mollis tortor. Suspendisse potenti. Morbi vel rutrum nunc. Vestibulum eget ex eu erat convallis fermentum.','2017-08-11',NULL,NULL,NULL,NULL);
insert into Huntin_missions_difficulty values(A,711797,178857);
insert into MMission_has_Monster values(402,2);
insert into Monster values(70,'TanProudMonkey','BumCrimson',96,100,'F');
insert into Hunting_missions values(641,NULL,3,763224,587305,'Cras facilisis, ligula quis tempor finibus, erat ex pharetra metus, eu blandit ligula magna eu sem. Mauris imperdiet mauris tellus, nec vestibulum justo hendrerit eu. Nulla luctus erat in est tempus luctus. Praesent in elit ex. Pellentesque mattis justo vel ipsum molestie, eu aliquet neque finibus. Donec malesuada risus id.','2017-08-11',NULL,NULL,NULL,NULL);
insert into Huntin_missions_difficulty values(S,763224,587305);
insert into MMission_has_Monster values(641,4);
insert into Monster values(6,'MaroonSmashedlizard','FumedBeige',15,100,'F');
insert into Hunting_missions values(794,NULL,4,776688,86640,'Aenean cursus elit arcu, eget porttitor lacus pharetra sed. Etiam quis tristique urna. Nulla ut orci orci. Curabitur eu justo ut mi placerat rhoncus id.','2017-08-11',NULL,NULL,NULL,NULL);
insert into Huntin_missions_difficulty values(S,776688,86640);
insert into MMission_has_Monster values(794,8);
insert into Monster values(71,'CyanSkilledCrab','DullTurquoise',127,100,'F');
insert into Hunting_missions values(857,NULL,5,239227,109075,'Nulla eget faucibus ipsum. Curabitur vehicula feugiat magna, ac vehicula leo mattis at. Sed sapien ipsum, vehicula at lectus id, viverra ullamcorper erat. Nam sit.','2017-08-11',NULL,NULL,NULL,NULL);
insert into Huntin_missions_difficulty values(D,239227,109075);
insert into MMission_has_Monster values(857,1);
insert into Monster values(64,'RoseDullRed panda','MilledBlue',132,100,'F');
insert into Hunting_missions values(282,NULL,6,828110,63229,'Quisque aliquam magna ac pellentesque aliquet. Ut a magna vitae odio consequat faucibus vitae non felis. Morbi sodales auctor tristique. Nam eu mi quis erat.','2017-08-11',NULL,NULL,NULL,NULL);
insert into Huntin_missions_difficulty values(A,828110,63229);
insert into MMission_has_Monster values(282,0);
