insert into Hunter_experience values(2029,10);
insert into Hunter values(0,'Freer Loons',30,'F',2029,973397,NULL);
insert into MissionHolder_reputation values(3617735,'S');
insert into MissionHolder values(0,9,'Langued Shouts',3617735);
insert into Hunter_experience values(2724,25);
insert into Hunter values(1,'Tressed Cube',30,'F',2724,912771,NULL);
insert into MissionHolder_reputation values(586950,'S');
insert into MissionHolder values(1,34,'Schlock Mil',586950);
insert into Hunter_experience values(3581,25);
insert into Hunter values(2,'Meet Swigs',31,'M',3581,644179,NULL);
insert into MissionHolder_reputation values(5881560,'S');
insert into MissionHolder values(2,53,'Rush Vlei',5881560);
insert into Hunter_experience values(4554,25);
insert into Hunter values(3,'Smoked Blimps',45,'F',4554,702044,NULL);
insert into MissionHolder_reputation values(7467506,'S');
insert into MissionHolder values(3,26,'Fierce Plack',7467506);
insert into Hunter_experience values(8959,50);
insert into Hunter values(4,'Hask Shout',51,'M',8959,105369,NULL);
insert into MissionHolder_reputation values(3298638,'S');
insert into MissionHolder values(4,43,'Raked Drags',3298638);
insert into Hunter_experience values(6286,50);
insert into Hunter values(5,'Crank Guans',16,'M',6286,226134,NULL);
insert into MissionHolder_reputation values(8184817,'S');
insert into MissionHolder values(5,24,'Ruffed Denes',8184817);
insert into Hunter_experience values(5614,50);
insert into Hunter values(6,'Piled Rhumbs',33,'F',5614,774876,NULL);
insert into MissionHolder_reputation values(7340426,'S');
insert into MissionHolder values(6,24,'Keyed Float',7340426);
insert into Hunter_experience values(6230,50);
insert into Hunter values(7,'Thraw Peers',51,'F',6230,723820,NULL);
insert into MissionHolder_reputation values(9204326,'S');
insert into MissionHolder values(7,48,'Worn Pice',9204326);
insert into Hunter_experience values(4883,25);
insert into Hunter values(8,'Else Sangs',8,'F',4883,245035,NULL);
insert into MissionHolder_reputation values(7346133,'S');
insert into MissionHolder values(8,70,'Shed Boule',7346133);
insert into Hunter_experience values(4507,25);
insert into Hunter values(9,'Stale Scruffs',2,'F',4507,552788,NULL);
insert into MissionHolder_reputation values(7738919,'S');
insert into MissionHolder values(9,50,'Sheer Roos',7738919);
insert into Hunter_experience values(9916,100);
insert into Hunter values(10,'Shorn Prunts',55,'F',9916,436026,NULL);
insert into MissionHolder_reputation values(3745785,'S');
insert into MissionHolder values(10,11,'Worst Tums',3745785);
insert into Hunter_experience values(3962,25);
insert into Hunter values(11,'Due Crew',19,'F',3962,445248,NULL);
insert into MissionHolder_reputation values(3210461,'S');
insert into MissionHolder values(11,89,'Proud Benes',3210461);
insert into Hunter_experience values(4735,25);
insert into Hunter values(12,'Crank Tasse',3,'M',4735,677477,NULL);
insert into MissionHolder_reputation values(436170,'A');
insert into MissionHolder values(12,1,'Crumb Mauves',436170);
insert into Hunter_experience values(9313,100);
insert into Hunter values(13,'Linked Tope',79,'F',9313,459194,NULL);
insert into MissionHolder_reputation values(7430899,'S');
insert into MissionHolder values(13,83,'Ant Tum',7430899);
insert into Hunter_experience values(6804,50);
insert into Hunter values(14,'Canned Molt',46,'M',6804,162224,NULL);
insert into MissionHolder_reputation values(4383046,'S');
insert into MissionHolder values(14,48,'Fat Tally',4383046);
insert into Hunter_experience values(8718,50);
insert into Hunter values(15,'Talc Squelch',20,'F',8718,278108,NULL);
insert into MissionHolder_reputation values(873319,'S');
insert into MissionHolder values(15,26,'Wrapped Kiln',873319);
insert into Hunter_experience values(1342,10);
insert into Hunter values(16,'Smashed Grate',69,'F',1342,526830,NULL);
insert into MissionHolder_reputation values(6660369,'S');
insert into MissionHolder values(16,62,'Vexed Chants',6660369);
insert into Hunter_experience values(8179,50);
insert into Hunter values(17,'Teen Hyps',82,'F',8179,76271,NULL);
insert into MissionHolder_reputation values(115060,'C');
insert into MissionHolder values(17,66,'Smashed Rads',115060);
insert into Hunter_experience values(2141,10);
insert into Hunter values(18,'Dried Shut',38,'M',2141,346325,NULL);
insert into MissionHolder_reputation values(869242,'S');
insert into MissionHolder values(18,35,'Hick Cuifs',869242);
insert into Hunter_experience values(7172,50);
insert into Hunter values(19,'Tenth Planch',50,'F',7172,598003,NULL);
insert into MissionHolder_reputation values(6573201,'S');
insert into MissionHolder values(19,43,'Scald Rath',6573201);
insert into Item values(1,1,NULL,'CherryScrawl','B',86,820);
insert into Item_Name values('CherryScrawl','Nulla in eleifend augue. Praesent ultricies dapibus velit, nec volutpat odio semper feugiat. Sed vitae porttitor massa. Integer ac finibus enim. Suspendisse imperdiet sollicitudin ex, aliquam congue mi vestibulum vel. Suspendisse nec tristique mauris. Nunc metus felis, gravida ut faucibus et, bibendum nec nunc. Proin dictum dapibus risus et luctus.');
insert into Monster values(1,'AmberFeyLobster','SoleTan',42,100,'T');
insert into Hunting_missions values(1,NULL,'null',1,794023,394899,'Pellentesque habitant morbi tristique senectus et netus et malesuada fames ac turpis egestas. Nullam eget ullamcorper arcu. Curabitur dictum nisl condimentum mauris semper, et scelerisque.','2017-08-11',NULL,NULL,NULL,NULL);
insert into Hunting_missions_difficulty values('S',794023,394899);
insert into MMission_has_Monster values(1,1);
insert into Item_Foraging_Mission values(1,NULL,'null',0,985231,24546,'Fusce sed ipsum a dui dapibus dictum luctus eget massa. Nullam sem sem, iaculis id metus ut, pulvinar blandit purus. Nullam tristique nisl eget arcu.','2017-08-11',NULL,NULL,NULL,NULL);
insert into Item_Mission_Difficulty values('S',985231,24546);
insert into IMission_has_Item values(1,1);
insert into Item values(2,2,NULL,'OnyxRime','S',52,329183);
insert into Item_Name values('OnyxRime','Vestibulum nec egestas lorem. Phasellus euismod neque ut vehicula lobortis. Nulla posuere euismod dignissim. Donec vel eros pellentesque, fermentum arcu id, mollis dui. Sed libero.');
insert into Monster values(2,'AuburnBustEel','SteepBlack',100,100,'T');
insert into Hunting_missions values(2,NULL,'null',2,648643,466320,'Nulla in eleifend augue. Praesent ultricies dapibus velit, nec volutpat odio semper feugiat. Sed vitae porttitor massa. Integer ac finibus enim. Suspendisse imperdiet sollicitudin ex, aliquam congue mi vestibulum vel. Suspendisse nec tristique mauris. Nunc metus felis, gravida ut faucibus et, bibendum nec nunc. Proin dictum dapibus risus et luctus.','2017-08-11',NULL,NULL,NULL,NULL);
insert into Hunting_missions_difficulty values('S',648643,466320);
insert into MMission_has_Monster values(2,1);
insert into Item_Foraging_Mission values(2,NULL,'null',0,662188,312894,'Pellentesque habitant morbi tristique senectus et netus et malesuada fames ac turpis egestas. Nullam eget ullamcorper arcu. Curabitur dictum nisl condimentum mauris semper, et scelerisque.','2017-08-11',NULL,NULL,NULL,NULL);
insert into Item_Mission_Difficulty values('A',662188,312894);
insert into IMission_has_Item values(2,1);
insert into Team values('Strung Whaps','B',2);
update Hunter set teamName = 'Strung Whaps' where hunterID =2;
insert into Hunting_missions values(2,NULL,NULL,2,91044,403391,'Praesent orci tortor, ullamcorper vel nunc non, luctus ultrices turpis. Cras ornare, purus eget suscipit dictum, dui lorem euismod erat, vel malesuada lacus dolor fermentum.','2017-08-11',NULL,NULL,NULL,NULL);
insert into Hunting_missions_difficulty values('A',91044,403391);
insert into MMission_has_Monster values(2,1);
insert into Item_Foraging_Mission values(2,NULL,NULL,1,450043,461436,'Nulla eget faucibus ipsum. Curabitur vehicula feugiat magna, ac vehicula leo mattis at. Sed sapien ipsum, vehicula at lectus id, viverra ullamcorper erat. Nam sit.','2017-08-11',NULL,NULL,NULL,NULL);
insert into Item_Mission_Difficulty values('A',450043,461436);
insert into IMission_has_Item values(2,1);
insert into Item values(3,3,NULL,'AmberLengths','E',66,792);
insert into Item_Name values('AmberLengths','Praesent orci tortor, ullamcorper vel nunc non, luctus ultrices turpis. Cras ornare, purus eget suscipit dictum, dui lorem euismod erat, vel malesuada lacus dolor fermentum.');
insert into Monster values(3,'CopperLoudFerret','DriedAquamarine',34,100,'T');
insert into Hunting_missions values(3,NULL,'null',3,165953,472204,'Quisque aliquam magna ac pellentesque aliquet. Ut a magna vitae odio consequat faucibus vitae non felis. Morbi sodales auctor tristique. Nam eu mi quis erat.','2017-08-11',NULL,NULL,NULL,NULL);
insert into Hunting_missions_difficulty values('S',165953,472204);
insert into MMission_has_Monster values(3,2);
insert into Item_Foraging_Mission values(3,NULL,'null',2,173516,149694,'Vestibulum nec egestas lorem. Phasellus euismod neque ut vehicula lobortis. Nulla posuere euismod dignissim. Donec vel eros pellentesque, fermentum arcu id, mollis dui. Sed libero.','2017-08-11',NULL,NULL,NULL,NULL);
insert into Item_Mission_Difficulty values('C',173516,149694);
insert into IMission_has_Item values(3,1);
insert into Item values(4,4,NULL,'AzureCease','A',64,10632);
insert into Item_Name values('AzureCease','Praesent orci tortor, ullamcorper vel nunc non, luctus ultrices turpis. Cras ornare, purus eget suscipit dictum, dui lorem euismod erat, vel malesuada lacus dolor fermentum.');
insert into Monster values(4,'CopperWorstOyster','SplayBlack',42,100,'T');
insert into Hunting_missions values(4,NULL,'null',4,729114,177900,'Fusce sed ipsum a dui dapibus dictum luctus eget massa. Nullam sem sem, iaculis id metus ut, pulvinar blandit purus. Nullam tristique nisl eget arcu.','2017-08-11',NULL,NULL,NULL,NULL);
insert into Hunting_missions_difficulty values('A',729114,177900);
insert into MMission_has_Monster values(4,2);
insert into Item_Foraging_Mission values(4,NULL,'null',1,922850,463728,'Fusce sed ipsum a dui dapibus dictum luctus eget massa. Nullam sem sem, iaculis id metus ut, pulvinar blandit purus. Nullam tristique nisl eget arcu.','2017-08-11',NULL,NULL,NULL,NULL);
insert into Item_Mission_Difficulty values('A',922850,463728);
insert into IMission_has_Item values(4,4);
insert into Team values('Edge Droobs','C',4);
update Hunter set teamName = 'Edge Droobs' where hunterID =4;
insert into Hunting_missions values(4,NULL,NULL,4,540136,548999,'Quisque aliquam magna ac pellentesque aliquet. Ut a magna vitae odio consequat faucibus vitae non felis. Morbi sodales auctor tristique. Nam eu mi quis erat.','2017-08-11',NULL,NULL,NULL,NULL);
insert into Hunting_missions_difficulty values('S',540136,548999);
insert into MMission_has_Monster values(4,3);
insert into Item_Foraging_Mission values(4,NULL,NULL,3,977188,48773,'Praesent orci tortor, ullamcorper vel nunc non, luctus ultrices turpis. Cras ornare, purus eget suscipit dictum, dui lorem euismod erat, vel malesuada lacus dolor fermentum.','2017-08-11',NULL,NULL,NULL,NULL);
insert into Item_Mission_Difficulty values('S',977188,48773);
insert into IMission_has_Item values(4,3);
insert into Item values(5,5,NULL,'RubyDraffs','S',40,102328);
insert into Item_Name values('RubyDraffs','Vestibulum nec egestas lorem. Phasellus euismod neque ut vehicula lobortis. Nulla posuere euismod dignissim. Donec vel eros pellentesque, fermentum arcu id, mollis dui. Sed libero.');
insert into Monster values(5,'GreyCheesedPelican','GrownIndigo',100,100,'F');
insert into Hunting_missions values(5,NULL,'null',5,456804,563801,'Cras scelerisque in elit vel pharetra. Nulla posuere neque metus. In accumsan quis ex a luctus. Curabitur nec varius mi. Donec sit amet est vel.','2017-08-11',NULL,NULL,NULL,NULL);
insert into Hunting_missions_difficulty values('S',456804,563801);
insert into MMission_has_Monster values(5,2);
insert into Item_Foraging_Mission values(5,NULL,'null',1,658790,525347,'Quisque aliquam magna ac pellentesque aliquet. Ut a magna vitae odio consequat faucibus vitae non felis. Morbi sodales auctor tristique. Nam eu mi quis erat.','2017-08-11',NULL,NULL,NULL,NULL);
insert into Item_Mission_Difficulty values('S',658790,525347);
insert into IMission_has_Item values(5,1);
insert into Item values(6,6,NULL,'OliveSham','S',16,627032);
insert into Item_Name values('OliveSham','Nulla in eleifend augue. Praesent ultricies dapibus velit, nec volutpat odio semper feugiat. Sed vitae porttitor massa. Integer ac finibus enim. Suspendisse imperdiet sollicitudin ex, aliquam congue mi vestibulum vel. Suspendisse nec tristique mauris. Nunc metus felis, gravida ut faucibus et, bibendum nec nunc. Proin dictum dapibus risus et luctus.');
insert into Monster values(6,'VioletGrilledCrab','AinOlive',92,100,'T');
insert into Hunting_missions values(6,NULL,'null',6,345332,237988,'Fusce sed ipsum a dui dapibus dictum luctus eget massa. Nullam sem sem, iaculis id metus ut, pulvinar blandit purus. Nullam tristique nisl eget arcu.','2017-08-11',NULL,NULL,NULL,NULL);
insert into Hunting_missions_difficulty values('S',345332,237988);
insert into MMission_has_Monster values(6,4);
insert into Item_Foraging_Mission values(6,NULL,'null',3,969866,480556,'Quisque aliquam magna ac pellentesque aliquet. Ut a magna vitae odio consequat faucibus vitae non felis. Morbi sodales auctor tristique. Nam eu mi quis erat.','2017-08-11',NULL,NULL,NULL,NULL);
insert into Item_Mission_Difficulty values('A',969866,480556);
insert into IMission_has_Item values(6,5);
insert into Team values('Glare Prayers','D',6);
update Hunter set teamName = 'Glare Prayers' where hunterID =6;
insert into Hunting_missions values(6,NULL,NULL,6,863881,275181,'Praesent orci tortor, ullamcorper vel nunc non, luctus ultrices turpis. Cras ornare, purus eget suscipit dictum, dui lorem euismod erat, vel malesuada lacus dolor fermentum.','2017-08-11',NULL,NULL,NULL,NULL);
insert into Hunting_missions_difficulty values('S',863881,275181);
insert into MMission_has_Monster values(6,6);
insert into Item_Foraging_Mission values(6,NULL,NULL,0,307249,437390,'Cras facilisis, ligula quis tempor finibus, erat ex pharetra metus, eu blandit ligula magna eu sem. Mauris imperdiet mauris tellus, nec vestibulum justo hendrerit eu. Nulla luctus erat in est tempus luctus. Praesent in elit ex. Pellentesque mattis justo vel ipsum molestie, eu aliquet neque finibus. Donec malesuada risus id.','2017-08-11',NULL,NULL,NULL,NULL);
insert into Item_Mission_Difficulty values('A',307249,437390);
insert into IMission_has_Item values(6,6);
insert into Item values(7,7,NULL,'AmberSwarth','B',51,9221);
insert into Item_Name values('AmberSwarth','Cras scelerisque in elit vel pharetra. Nulla posuere neque metus. In accumsan quis ex a luctus. Curabitur nec varius mi. Donec sit amet est vel.');
insert into Monster values(7,'GoldTerseApe','GulesRed',128,100,'F');
insert into Hunting_missions values(7,NULL,'null',7,684553,225870,'Pellentesque habitant morbi tristique senectus et netus et malesuada fames ac turpis egestas. Nullam eget ullamcorper arcu. Curabitur dictum nisl condimentum mauris semper, et scelerisque.','2017-08-11',NULL,NULL,NULL,NULL);
insert into Hunting_missions_difficulty values('A',684553,225870);
insert into MMission_has_Monster values(7,3);
insert into Item_Foraging_Mission values(7,NULL,'null',2,630644,146167,'Nulla eget faucibus ipsum. Curabitur vehicula feugiat magna, ac vehicula leo mattis at. Sed sapien ipsum, vehicula at lectus id, viverra ullamcorper erat. Nam sit.','2017-08-11',NULL,NULL,NULL,NULL);
insert into Item_Mission_Difficulty values('A',630644,146167);
insert into IMission_has_Item values(7,6);
insert into Item values(8,8,NULL,'RoseRiels','B',27,2999);
insert into Item_Name values('RoseRiels','Pellentesque habitant morbi tristique senectus et netus et malesuada fames ac turpis egestas. Nullam eget ullamcorper arcu. Curabitur dictum nisl condimentum mauris semper, et scelerisque.');
insert into Monster values(8,'CrimsonGaugeStarling','FierceWhite',86,100,'T');
insert into Hunting_missions values(8,NULL,'null',8,119012,298575,'Cras scelerisque in elit vel pharetra. Nulla posuere neque metus. In accumsan quis ex a luctus. Curabitur nec varius mi. Donec sit amet est vel.','2017-08-11',NULL,NULL,NULL,NULL);
insert into Hunting_missions_difficulty values('A',119012,298575);
insert into MMission_has_Monster values(8,3);
insert into Item_Foraging_Mission values(8,NULL,'null',3,75373,231822,'Cras facilisis, ligula quis tempor finibus, erat ex pharetra metus, eu blandit ligula magna eu sem. Mauris imperdiet mauris tellus, nec vestibulum justo hendrerit eu. Nulla luctus erat in est tempus luctus. Praesent in elit ex. Pellentesque mattis justo vel ipsum molestie, eu aliquet neque finibus. Donec malesuada risus id.','2017-08-11',NULL,NULL,NULL,NULL);
insert into Item_Mission_Difficulty values('C',75373,231822);
insert into IMission_has_Item values(8,5);
insert into Team values('Sport Calm','A',8);
update Hunter set teamName = 'Sport Calm' where hunterID =8;
insert into Hunting_missions values(8,NULL,NULL,8,393961,495384,'Pellentesque habitant morbi tristique senectus et netus et malesuada fames ac turpis egestas. Nullam eget ullamcorper arcu. Curabitur dictum nisl condimentum mauris semper, et scelerisque.','2017-08-11',NULL,NULL,NULL,NULL);
insert into Hunting_missions_difficulty values('S',393961,495384);
insert into MMission_has_Monster values(8,7);
insert into Item_Foraging_Mission values(8,NULL,NULL,5,725917,281270,'Nullam et viverra magna. Aenean semper eget mauris a pulvinar. Vestibulum in commodo est. Aenean fringilla mattis lacinia. Nullam quis accumsan enim, sed dapibus ex. Proin vehicula, ante eu ultricies eleifend, mi felis lobortis massa, ac venenatis orci tellus ut ligula. Duis convallis nisi pretium, venenatis tellus condimentum, facilisis velit.','2017-08-11',NULL,NULL,NULL,NULL);
insert into Item_Mission_Difficulty values('A',725917,281270);
insert into IMission_has_Item values(8,4);
insert into Item values(9,9,NULL,'YellowOde','C',84,481);
insert into Item_Name values('YellowOde','Praesent orci tortor, ullamcorper vel nunc non, luctus ultrices turpis. Cras ornare, purus eget suscipit dictum, dui lorem euismod erat, vel malesuada lacus dolor fermentum.');
insert into Monster values(9,'SapphireFeltWombat','ScaldRose',124,100,'T');
insert into Hunting_missions values(9,NULL,'null',9,312054,232083,'Ut sit amet lectus lorem. Proin hendrerit diam et metus eleifend, quis pulvinar ligula rutrum. Aliquam nec vestibulum elit. Aliquam ut vestibulum velit, id venenatis.','2017-08-11',NULL,NULL,NULL,NULL);
insert into Hunting_missions_difficulty values('S',312054,232083);
insert into MMission_has_Monster values(9,4);
insert into Item_Foraging_Mission values(9,NULL,'null',1,498737,99991,'Pellentesque habitant morbi tristique senectus et netus et malesuada fames ac turpis egestas. Nullam eget ullamcorper arcu. Curabitur dictum nisl condimentum mauris semper, et scelerisque.','2017-08-11',NULL,NULL,NULL,NULL);
insert into Item_Mission_Difficulty values('S',498737,99991);
insert into IMission_has_Item values(9,4);
insert into Item values(10,10,NULL,'LimeFlite','C',26,469);
insert into Item_Name values('LimeFlite','Pellentesque habitant morbi tristique senectus et netus et malesuada fames ac turpis egestas. Nullam eget ullamcorper arcu. Curabitur dictum nisl condimentum mauris semper, et scelerisque.');
insert into Monster values(10,'IndigoShelledClam','LothOrange',14,100,'F');
insert into Hunting_missions values(10,NULL,'null',10,711180,263420,'Sed sed eros nec velit ornare euismod id ut dolor. Etiam turpis ligula, viverra eget hendrerit eu, suscipit et urna. Maecenas consequat metus ut odio lobortis tristique. Phasellus tincidunt eros et commodo pulvinar. Nam vel mollis tortor. Suspendisse potenti. Morbi vel rutrum nunc. Vestibulum eget ex eu erat convallis fermentum.','2017-08-11',NULL,NULL,NULL,NULL);
insert into Hunting_missions_difficulty values('S',711180,263420);
insert into MMission_has_Monster values(10,9);
insert into Item_Foraging_Mission values(10,NULL,'null',0,68315,43683,'Fusce sed ipsum a dui dapibus dictum luctus eget massa. Nullam sem sem, iaculis id metus ut, pulvinar blandit purus. Nullam tristique nisl eget arcu.','2017-08-11',NULL,NULL,NULL,NULL);
insert into Item_Mission_Difficulty values('B',68315,43683);
insert into IMission_has_Item values(10,9);
insert into Team values('Fringed Juts','B',10);
update Hunter set teamName = 'Fringed Juts' where hunterID =10;
insert into Hunting_missions values(10,NULL,NULL,10,772262,281541,'Pellentesque habitant morbi tristique senectus et netus et malesuada fames ac turpis egestas. Nullam eget ullamcorper arcu. Curabitur dictum nisl condimentum mauris semper, et scelerisque.','2017-08-11',NULL,NULL,NULL,NULL);
insert into Hunting_missions_difficulty values('S',772262,281541);
insert into MMission_has_Monster values(10,3);
insert into Item_Foraging_Mission values(10,NULL,NULL,1,494229,470470,'Fusce sed ipsum a dui dapibus dictum luctus eget massa. Nullam sem sem, iaculis id metus ut, pulvinar blandit purus. Nullam tristique nisl eget arcu.','2017-08-11',NULL,NULL,NULL,NULL);
insert into Item_Mission_Difficulty values('A',494229,470470);
insert into IMission_has_Item values(10,9);
insert into Item values(11,11,NULL,'SalmonOwls','D',37,842);
insert into Item_Name values('SalmonOwls','Nulla in eleifend augue. Praesent ultricies dapibus velit, nec volutpat odio semper feugiat. Sed vitae porttitor massa. Integer ac finibus enim. Suspendisse imperdiet sollicitudin ex, aliquam congue mi vestibulum vel. Suspendisse nec tristique mauris. Nunc metus felis, gravida ut faucibus et, bibendum nec nunc. Proin dictum dapibus risus et luctus.');
insert into Monster values(11,'VanillaSoldNewt','DullAzure',72,100,'T');
insert into Hunting_missions values(11,NULL,'null',11,3063,148209,'Nulla in eleifend augue. Praesent ultricies dapibus velit, nec volutpat odio semper feugiat. Sed vitae porttitor massa. Integer ac finibus enim. Suspendisse imperdiet sollicitudin ex, aliquam congue mi vestibulum vel. Suspendisse nec tristique mauris. Nunc metus felis, gravida ut faucibus et, bibendum nec nunc. Proin dictum dapibus risus et luctus.','2017-08-11',NULL,NULL,NULL,NULL);
insert into Hunting_missions_difficulty values('C',3063,148209);
insert into MMission_has_Monster values(11,4);
insert into Item_Foraging_Mission values(11,NULL,'null',1,597418,48303,'Quisque aliquam magna ac pellentesque aliquet. Ut a magna vitae odio consequat faucibus vitae non felis. Morbi sodales auctor tristique. Nam eu mi quis erat.','2017-08-11',NULL,NULL,NULL,NULL);
insert into Item_Mission_Difficulty values('S',597418,48303);
insert into IMission_has_Item values(11,9);
insert into Item values(12,12,NULL,'MaroonTots','C',12,139);
insert into Item_Name values('MaroonTots','Suspendisse porttitor dignissim sem, eu faucibus metus fringilla ut. Fusce massa enim, dictum quis tristique sed, tristique quis enim. In lectus sapien, cursus vel ultrices.');
insert into Monster values(12,'WhiteToomLlama','VulnedBeige',93,100,'T');
insert into Hunting_missions values(12,NULL,'null',12,959543,347558,'Suspendisse porttitor dignissim sem, eu faucibus metus fringilla ut. Fusce massa enim, dictum quis tristique sed, tristique quis enim. In lectus sapien, cursus vel ultrices.','2017-08-11',NULL,NULL,NULL,NULL);
insert into Hunting_missions_difficulty values('S',959543,347558);
insert into MMission_has_Monster values(12,5);
insert into Item_Foraging_Mission values(12,NULL,'null',10,928803,568661,'Fusce sed ipsum a dui dapibus dictum luctus eget massa. Nullam sem sem, iaculis id metus ut, pulvinar blandit purus. Nullam tristique nisl eget arcu.','2017-08-11',NULL,NULL,NULL,NULL);
insert into Item_Mission_Difficulty values('S',928803,568661);
insert into IMission_has_Item values(12,9);
insert into Team values('Kind Glebe','D',12);
update Hunter set teamName = 'Kind Glebe' where hunterID =12;
insert into Hunting_missions values(12,NULL,NULL,12,859881,125126,'Nulla eget faucibus ipsum. Curabitur vehicula feugiat magna, ac vehicula leo mattis at. Sed sapien ipsum, vehicula at lectus id, viverra ullamcorper erat. Nam sit.','2017-08-11',NULL,NULL,NULL,NULL);
insert into Hunting_missions_difficulty values('A',859881,125126);
insert into MMission_has_Monster values(12,1);
insert into Item_Foraging_Mission values(12,NULL,NULL,4,277050,289433,'Ut sit amet lectus lorem. Proin hendrerit diam et metus eleifend, quis pulvinar ligula rutrum. Aliquam nec vestibulum elit. Aliquam ut vestibulum velit, id venenatis.','2017-08-11',NULL,NULL,NULL,NULL);
insert into Item_Mission_Difficulty values('A',277050,289433);
insert into IMission_has_Item values(12,4);
insert into Item values(13,13,NULL,'PeachAlbs','A',38,8914);
insert into Item_Name values('PeachAlbs','Pellentesque habitant morbi tristique senectus et netus et malesuada fames ac turpis egestas. Nullam eget ullamcorper arcu. Curabitur dictum nisl condimentum mauris semper, et scelerisque.');
insert into Monster values(13,'BlueWaurChamois','SportAzure',9,100,'T');
insert into Hunting_missions values(13,NULL,'null',13,220020,231134,'Nulla in eleifend augue. Praesent ultricies dapibus velit, nec volutpat odio semper feugiat. Sed vitae porttitor massa. Integer ac finibus enim. Suspendisse imperdiet sollicitudin ex, aliquam congue mi vestibulum vel. Suspendisse nec tristique mauris. Nunc metus felis, gravida ut faucibus et, bibendum nec nunc. Proin dictum dapibus risus et luctus.','2017-08-11',NULL,NULL,NULL,NULL);
insert into Hunting_missions_difficulty values('A',220020,231134);
insert into MMission_has_Monster values(13,8);
insert into Item_Foraging_Mission values(13,NULL,'null',9,993282,412137,'Pellentesque habitant morbi tristique senectus et netus et malesuada fames ac turpis egestas. Nullam eget ullamcorper arcu. Curabitur dictum nisl condimentum mauris semper, et scelerisque.','2017-08-11',NULL,NULL,NULL,NULL);
insert into Item_Mission_Difficulty values('A',993282,412137);
insert into IMission_has_Item values(13,6);
insert into Item values(14,14,NULL,'SiennaNett','A',22,53392);
insert into Item_Name values('SiennaNett','Aenean cursus elit arcu, eget porttitor lacus pharetra sed. Etiam quis tristique urna. Nulla ut orci orci. Curabitur eu justo ut mi placerat rhoncus id.');
insert into Monster values(14,'CrimsonTwillCobra','SoreSalmon',98,100,'F');
insert into Hunting_missions values(14,NULL,'null',14,734681,3570,'Cras scelerisque in elit vel pharetra. Nulla posuere neque metus. In accumsan quis ex a luctus. Curabitur nec varius mi. Donec sit amet est vel.','2017-08-11',NULL,NULL,NULL,NULL);
insert into Hunting_missions_difficulty values('A',734681,3570);
insert into MMission_has_Monster values(14,1);
insert into Item_Foraging_Mission values(14,NULL,'null',11,575935,360258,'Pellentesque habitant morbi tristique senectus et netus et malesuada fames ac turpis egestas. Nullam eget ullamcorper arcu. Curabitur dictum nisl condimentum mauris semper, et scelerisque.','2017-08-11',NULL,NULL,NULL,NULL);
insert into Item_Mission_Difficulty values('S',575935,360258);
insert into IMission_has_Item values(14,3);
insert into Team values('Whelked Waft','B',14);
update Hunter set teamName = 'Whelked Waft' where hunterID =14;
insert into Hunting_missions values(14,NULL,NULL,14,855639,24731,'Cras facilisis, ligula quis tempor finibus, erat ex pharetra metus, eu blandit ligula magna eu sem. Mauris imperdiet mauris tellus, nec vestibulum justo hendrerit eu. Nulla luctus erat in est tempus luctus. Praesent in elit ex. Pellentesque mattis justo vel ipsum molestie, eu aliquet neque finibus. Donec malesuada risus id.','2017-08-11',NULL,NULL,NULL,NULL);
insert into Hunting_missions_difficulty values('A',855639,24731);
insert into MMission_has_Monster values(14,8);
insert into Item_Foraging_Mission values(14,NULL,NULL,10,610447,452685,'Suspendisse porttitor dignissim sem, eu faucibus metus fringilla ut. Fusce massa enim, dictum quis tristique sed, tristique quis enim. In lectus sapien, cursus vel ultrices.','2017-08-11',NULL,NULL,NULL,NULL);
insert into Item_Mission_Difficulty values('S',610447,452685);
insert into IMission_has_Item values(14,3);
