insert into Hunter_experience values(3107,25);
insert into Hunter values(0,'Quaint Plush',95,'F',3107,569242,NULL);
insert into MissionHolder_reputation values(4344915,'S');
insert into MissionHolder values(0,33,'Sedged Verst',4344915);
insert into Hunter_experience values(7421,50);
insert into Hunter values(1,'Mzee Yews',29,'F',7421,618304,NULL);
insert into MissionHolder_reputation values(4681402,'S');
insert into MissionHolder values(1,13,'Fit Schuit',4681402);
insert into Hunter_experience values(8203,50);
insert into Hunter values(2,'Lush Chays',31,'M',8203,241651,NULL);
insert into MissionHolder_reputation values(3670013,'S');
insert into MissionHolder values(2,48,'Fab Cangue',3670013);
insert into Hunter_experience values(9081,100);
insert into Hunter values(3,'Winged Reeves',14,'F',9081,739662,NULL);
insert into MissionHolder_reputation values(8908317,'S');
insert into MissionHolder values(3,56,'Due Troke',8908317);
insert into Hunter_experience values(469,1);
insert into Hunter values(4,'Toed Flares',20,'M',469,13380,NULL);
insert into MissionHolder_reputation values(3282565,'S');
insert into MissionHolder values(4,20,'Shy Jut',3282565);
insert into Hunter_experience values(120,1);
insert into Hunter values(5,'Punk Tacts',99,'M',120,35064,NULL);
insert into MissionHolder_reputation values(6419185,'S');
insert into MissionHolder values(5,67,'Nesh Plat',6419185);
insert into Hunter_experience values(3476,25);
insert into Hunter values(6,'Over Redd',59,'F',3476,113393,NULL);
insert into MissionHolder_reputation values(4948529,'S');
insert into MissionHolder values(6,78,'Terse Duct',4948529);
insert into Hunter_experience values(3252,25);
insert into Hunter values(7,'Grilled Isms',15,'M',3252,401677,NULL);
insert into MissionHolder_reputation values(4074155,'S');
insert into MissionHolder values(7,94,'Crisp Typos',4074155);
insert into Hunter_experience values(1880,10);
insert into Hunter values(8,'Fab Chooks',11,'F',1880,242637,NULL);
insert into MissionHolder_reputation values(1587759,'S');
insert into MissionHolder values(8,36,'Darn Rudd',1587759);
insert into Hunter_experience values(3125,25);
insert into Hunter values(9,'Skim Slugs',97,'F',3125,270693,NULL);
insert into MissionHolder_reputation values(8283743,'S');
insert into MissionHolder values(9,39,'Peeved Cracks',8283743);
insert into Hunter_experience values(196,1);
insert into Hunter values(10,'Naught Karst',69,'F',196,669760,NULL);
insert into MissionHolder_reputation values(5014706,'S');
insert into MissionHolder values(10,13,'Danged Bitt',5014706);
insert into Hunter_experience values(9449,100);
insert into Hunter values(11,'Harsh Gig',41,'M',9449,492849,NULL);
insert into MissionHolder_reputation values(8428650,'S');
insert into MissionHolder values(11,63,'Peart Mind',8428650);
insert into Hunter_experience values(1810,10);
insert into Hunter values(12,'Mooned Grebes',16,'F',1810,369138,NULL);
insert into MissionHolder_reputation values(1711337,'S');
insert into MissionHolder values(12,32,'Shoal Torsk',1711337);
insert into Hunter_experience values(4276,25);
insert into Hunter values(13,'Blate Stead',80,'F',4276,842682,NULL);
insert into MissionHolder_reputation values(4440198,'S');
insert into MissionHolder values(13,5,'Flawed Dance',4440198);
insert into Hunter_experience values(1549,10);
insert into Hunter values(14,'Rent Curns',79,'F',1549,833119,NULL);
insert into MissionHolder_reputation values(9692992,'S');
insert into MissionHolder values(14,29,'Slub Cool',9692992);
insert into Hunter_experience values(4963,25);
insert into Hunter values(15,'Canned Fykes',70,'M',4963,433878,NULL);
insert into MissionHolder_reputation values(9832863,'S');
insert into MissionHolder values(15,37,'Manned Bairns',9832863);
insert into Hunter_experience values(8098,50);
insert into Hunter values(16,'Cramped Punce',27,'F',8098,77241,NULL);
insert into MissionHolder_reputation values(6523165,'S');
insert into MissionHolder values(16,72,'Far Splash',6523165);
insert into Hunter_experience values(8692,50);
insert into Hunter values(17,'Milch Swards',88,'F',8692,578845,NULL);
insert into MissionHolder_reputation values(8931825,'S');
insert into MissionHolder values(17,9,'Mesne Yod',8931825);
insert into Hunter_experience values(6179,50);
insert into Hunter values(18,'Trite Wuss',50,'F',6179,335945,NULL);
insert into MissionHolder_reputation values(3899496,'S');
insert into MissionHolder values(18,63,'Swish Sauce',3899496);
insert into Hunter_experience values(3050,25);
insert into Hunter values(19,'Spruce Gaze',80,'F',3050,143889,NULL);
insert into MissionHolder_reputation values(9695178,'S');
insert into MissionHolder values(19,39,'Whelked Browse',9695178);
insert into Item values(1,1,NULL,'MaroonSkis','C',70,466);
insert into Item_Name values('MaroonSkis','Cras facilisis, ligula quis tempor finibus, erat ex pharetra metus, eu blandit ligula magna eu sem. Mauris imperdiet mauris tellus, nec vestibulum justo hendrerit eu. Nulla luctus erat in est tempus luctus. Praesent in elit ex. Pellentesque mattis justo vel ipsum molestie, eu aliquet neque finibus. Donec malesuada risus id.');
insert into Monster values(1,'SapphireTauntDeer','ProneCopper',44,100,'T');
insert into Hunting_missions values(1,NULL,'null',1,452077,544765,'Pellentesque habitant morbi tristique senectus et netus et malesuada fames ac turpis egestas. Nullam eget ullamcorper arcu. Curabitur dictum nisl condimentum mauris semper, et scelerisque.','2017-08-11',NULL,NULL,NULL,NULL);
insert into Hunting_missions_difficulty values('A',452077,544765);
insert into MMission_has_Monster values(1,1);
insert into Item_Foraging_Mission values(1,NULL,'null',0,469993,97657,'Cras scelerisque in elit vel pharetra. Nulla posuere neque metus. In accumsan quis ex a luctus. Curabitur nec varius mi. Donec sit amet est vel.','2017-08-11',NULL,NULL,NULL,NULL);
insert into Item_Mission_Difficulty values('A',469993,97657);
insert into IMission_has_Item values(1,1);
insert into Item values(2,2,NULL,'MaroonFrowns','D',82,934);
insert into Item_Name values('MaroonFrowns','Cras scelerisque in elit vel pharetra. Nulla posuere neque metus. In accumsan quis ex a luctus. Curabitur nec varius mi. Donec sit amet est vel.');
insert into Monster values(2,'CrimsonMurkPigeon','MetalBlue',22,100,'F');
insert into Hunting_missions values(2,NULL,'null',2,165174,286454,'Sed sed eros nec velit ornare euismod id ut dolor. Etiam turpis ligula, viverra eget hendrerit eu, suscipit et urna. Maecenas consequat metus ut odio lobortis tristique. Phasellus tincidunt eros et commodo pulvinar. Nam vel mollis tortor. Suspendisse potenti. Morbi vel rutrum nunc. Vestibulum eget ex eu erat convallis fermentum.','2017-08-11',NULL,NULL,NULL,NULL);
insert into Hunting_missions_difficulty values('S',165174,286454);
insert into MMission_has_Monster values(2,1);
insert into Item_Foraging_Mission values(2,NULL,'null',0,715025,317442,'Praesent orci tortor, ullamcorper vel nunc non, luctus ultrices turpis. Cras ornare, purus eget suscipit dictum, dui lorem euismod erat, vel malesuada lacus dolor fermentum.','2017-08-11',NULL,NULL,NULL,NULL);
insert into Item_Mission_Difficulty values('A',715025,317442);
insert into IMission_has_Item values(2,1);
insert into Team values('Frogged Bumf','B',2);
update Hunter set teamName = 'Frogged Bumf' where hunterID =2;
insert into Hunting_missions values(2,NULL,NULL,2,737806,57371,'Nulla eget faucibus ipsum. Curabitur vehicula feugiat magna, ac vehicula leo mattis at. Sed sapien ipsum, vehicula at lectus id, viverra ullamcorper erat. Nam sit.','2017-08-11',NULL,NULL,NULL,NULL);
insert into Hunting_missions_difficulty values('S',737806,57371);
insert into MMission_has_Monster values(2,1);
insert into Item_Foraging_Mission values(2,NULL,NULL,1,822195,400803,'Suspendisse porttitor dignissim sem, eu faucibus metus fringilla ut. Fusce massa enim, dictum quis tristique sed, tristique quis enim. In lectus sapien, cursus vel ultrices.','2017-08-11',NULL,NULL,NULL,NULL);
insert into Item_Mission_Difficulty values('A',822195,400803);
insert into IMission_has_Item values(2,1);
insert into Item values(3,3,NULL,'OrangeTrawls','E',39,490);
insert into Item_Name values('OrangeTrawls','Quisque aliquam magna ac pellentesque aliquet. Ut a magna vitae odio consequat faucibus vitae non felis. Morbi sodales auctor tristique. Nam eu mi quis erat.');
insert into Monster values(3,'WhiteFakerat','SkimVanilla',60,100,'T');
insert into Hunting_missions values(3,NULL,'null',3,97579,380576,'Cras facilisis, ligula quis tempor finibus, erat ex pharetra metus, eu blandit ligula magna eu sem. Mauris imperdiet mauris tellus, nec vestibulum justo hendrerit eu. Nulla luctus erat in est tempus luctus. Praesent in elit ex. Pellentesque mattis justo vel ipsum molestie, eu aliquet neque finibus. Donec malesuada risus id.','2017-08-11',NULL,NULL,NULL,NULL);
insert into Hunting_missions_difficulty values('A',97579,380576);
insert into MMission_has_Monster values(3,1);
insert into Item_Foraging_Mission values(3,NULL,'null',0,597860,536927,'Ut sit amet lectus lorem. Proin hendrerit diam et metus eleifend, quis pulvinar ligula rutrum. Aliquam nec vestibulum elit. Aliquam ut vestibulum velit, id venenatis.','2017-08-11',NULL,NULL,NULL,NULL);
insert into Item_Mission_Difficulty values('A',597860,536927);
insert into IMission_has_Item values(3,1);
insert into Item values(4,4,NULL,'GreyGrips','B',13,2804);
insert into Item_Name values('GreyGrips','Nullam et viverra magna. Aenean semper eget mauris a pulvinar. Vestibulum in commodo est. Aenean fringilla mattis lacinia. Nullam quis accumsan enim, sed dapibus ex. Proin vehicula, ante eu ultricies eleifend, mi felis lobortis massa, ac venenatis orci tellus ut ligula. Duis convallis nisi pretium, venenatis tellus condimentum, facilisis velit.');
insert into Monster values(4,'CherryTauntCoyote','FraughtGold',124,100,'F');
insert into Hunting_missions values(4,NULL,'null',4,143089,237317,'Quisque aliquam magna ac pellentesque aliquet. Ut a magna vitae odio consequat faucibus vitae non felis. Morbi sodales auctor tristique. Nam eu mi quis erat.','2017-08-11',NULL,NULL,NULL,NULL);
insert into Hunting_missions_difficulty values('A',143089,237317);
insert into MMission_has_Monster values(4,1);
insert into Item_Foraging_Mission values(4,NULL,'null',1,327906,408762,'Praesent orci tortor, ullamcorper vel nunc non, luctus ultrices turpis. Cras ornare, purus eget suscipit dictum, dui lorem euismod erat, vel malesuada lacus dolor fermentum.','2017-08-11',NULL,NULL,NULL,NULL);
insert into Item_Mission_Difficulty values('S',327906,408762);
insert into IMission_has_Item values(4,3);
insert into Team values('Vile Shwas','C',4);
update Hunter set teamName = 'Vile Shwas' where hunterID =4;
insert into Hunting_missions values(4,NULL,NULL,4,486437,366968,'Ut sit amet lectus lorem. Proin hendrerit diam et metus eleifend, quis pulvinar ligula rutrum. Aliquam nec vestibulum elit. Aliquam ut vestibulum velit, id venenatis.','2017-08-11',NULL,NULL,NULL,NULL);
insert into Hunting_missions_difficulty values('S',486437,366968);
insert into MMission_has_Monster values(4,3);
insert into Item_Foraging_Mission values(4,NULL,NULL,2,912983,467282,'Nulla eget faucibus ipsum. Curabitur vehicula feugiat magna, ac vehicula leo mattis at. Sed sapien ipsum, vehicula at lectus id, viverra ullamcorper erat. Nam sit.','2017-08-11',NULL,NULL,NULL,NULL);
insert into Item_Mission_Difficulty values('S',912983,467282);
insert into IMission_has_Item values(4,3);
insert into Item values(5,5,NULL,'GreyChunk','C',8,468);
insert into Item_Name values('GreyChunk','Pellentesque habitant morbi tristique senectus et netus et malesuada fames ac turpis egestas. Nullam eget ullamcorper arcu. Curabitur dictum nisl condimentum mauris semper, et scelerisque.');
insert into Monster values(5,'BeigeNeshLapwing','FellBlue',34,100,'F');
insert into Hunting_missions values(5,NULL,'null',5,240251,334040,'Quisque aliquam magna ac pellentesque aliquet. Ut a magna vitae odio consequat faucibus vitae non felis. Morbi sodales auctor tristique. Nam eu mi quis erat.','2017-08-11',NULL,NULL,NULL,NULL);
insert into Hunting_missions_difficulty values('A',240251,334040);
insert into MMission_has_Monster values(5,2);
insert into Item_Foraging_Mission values(5,NULL,'null',0,233006,209344,'Aenean cursus elit arcu, eget porttitor lacus pharetra sed. Etiam quis tristique urna. Nulla ut orci orci. Curabitur eu justo ut mi placerat rhoncus id.','2017-08-11',NULL,NULL,NULL,NULL);
insert into Item_Mission_Difficulty values('C',233006,209344);
insert into IMission_has_Item values(5,3);
insert into Item values(6,6,NULL,'SalmonGrogs','S',40,410210);
insert into Item_Name values('SalmonGrogs','Vestibulum nec egestas lorem. Phasellus euismod neque ut vehicula lobortis. Nulla posuere euismod dignissim. Donec vel eros pellentesque, fermentum arcu id, mollis dui. Sed libero.');
insert into Monster values(6,'PeachTenthlynx','TrineSalmon',18,100,'T');
insert into Hunting_missions values(6,NULL,'null',6,974663,23391,'Cras scelerisque in elit vel pharetra. Nulla posuere neque metus. In accumsan quis ex a luctus. Curabitur nec varius mi. Donec sit amet est vel.','2017-08-11',NULL,NULL,NULL,NULL);
insert into Hunting_missions_difficulty values('A',974663,23391);
insert into MMission_has_Monster values(6,1);
insert into Item_Foraging_Mission values(6,NULL,'null',2,346605,118670,'Sed sed eros nec velit ornare euismod id ut dolor. Etiam turpis ligula, viverra eget hendrerit eu, suscipit et urna. Maecenas consequat metus ut odio lobortis tristique. Phasellus tincidunt eros et commodo pulvinar. Nam vel mollis tortor. Suspendisse potenti. Morbi vel rutrum nunc. Vestibulum eget ex eu erat convallis fermentum.','2017-08-11',NULL,NULL,NULL,NULL);
insert into Item_Mission_Difficulty values('B',346605,118670);
insert into IMission_has_Item values(6,1);
insert into Team values('Crook Prau','A',6);
update Hunter set teamName = 'Crook Prau' where hunterID =6;
insert into Hunting_missions values(6,NULL,NULL,6,972132,495652,'Cras facilisis, ligula quis tempor finibus, erat ex pharetra metus, eu blandit ligula magna eu sem. Mauris imperdiet mauris tellus, nec vestibulum justo hendrerit eu. Nulla luctus erat in est tempus luctus. Praesent in elit ex. Pellentesque mattis justo vel ipsum molestie, eu aliquet neque finibus. Donec malesuada risus id.','2017-08-11',NULL,NULL,NULL,NULL);
insert into Hunting_missions_difficulty values('S',972132,495652);
insert into MMission_has_Monster values(6,4);
insert into Item_Foraging_Mission values(6,NULL,NULL,0,869255,40427,'Pellentesque habitant morbi tristique senectus et netus et malesuada fames ac turpis egestas. Nullam eget ullamcorper arcu. Curabitur dictum nisl condimentum mauris semper, et scelerisque.','2017-08-11',NULL,NULL,NULL,NULL);
insert into Item_Mission_Difficulty values('A',869255,40427);
insert into IMission_has_Item values(6,5);
insert into Item values(7,7,NULL,'IvoryUkes','C',68,566);
insert into Item_Name values('IvoryUkes','Vestibulum nec egestas lorem. Phasellus euismod neque ut vehicula lobortis. Nulla posuere euismod dignissim. Donec vel eros pellentesque, fermentum arcu id, mollis dui. Sed libero.');
insert into Monster values(7,'PlumCheekStork','LitPearl',84,100,'F');
insert into Hunting_missions values(7,NULL,'null',7,538112,299433,'Aenean cursus elit arcu, eget porttitor lacus pharetra sed. Etiam quis tristique urna. Nulla ut orci orci. Curabitur eu justo ut mi placerat rhoncus id.','2017-08-11',NULL,NULL,NULL,NULL);
insert into Hunting_missions_difficulty values('S',538112,299433);
insert into MMission_has_Monster values(7,1);
insert into Item_Foraging_Mission values(7,NULL,'null',3,554371,69520,'Sed sed eros nec velit ornare euismod id ut dolor. Etiam turpis ligula, viverra eget hendrerit eu, suscipit et urna. Maecenas consequat metus ut odio lobortis tristique. Phasellus tincidunt eros et commodo pulvinar. Nam vel mollis tortor. Suspendisse potenti. Morbi vel rutrum nunc. Vestibulum eget ex eu erat convallis fermentum.','2017-08-11',NULL,NULL,NULL,NULL);
insert into Item_Mission_Difficulty values('A',554371,69520);
insert into IMission_has_Item values(7,2);
insert into Item values(8,8,NULL,'GreyMom','A',86,18204);
insert into Item_Name values('GreyMom','Suspendisse porttitor dignissim sem, eu faucibus metus fringilla ut. Fusce massa enim, dictum quis tristique sed, tristique quis enim. In lectus sapien, cursus vel ultrices.');
insert into Monster values(8,'GoldSwellBee','SneckedPlum',95,100,'T');
insert into Hunting_missions values(8,NULL,'null',8,459286,581383,'Vestibulum nec egestas lorem. Phasellus euismod neque ut vehicula lobortis. Nulla posuere euismod dignissim. Donec vel eros pellentesque, fermentum arcu id, mollis dui. Sed libero.','2017-08-11',NULL,NULL,NULL,NULL);
insert into Hunting_missions_difficulty values('S',459286,581383);
insert into MMission_has_Monster values(8,2);
insert into Item_Foraging_Mission values(8,NULL,'null',5,641996,170603,'Sed sed eros nec velit ornare euismod id ut dolor. Etiam turpis ligula, viverra eget hendrerit eu, suscipit et urna. Maecenas consequat metus ut odio lobortis tristique. Phasellus tincidunt eros et commodo pulvinar. Nam vel mollis tortor. Suspendisse potenti. Morbi vel rutrum nunc. Vestibulum eget ex eu erat convallis fermentum.','2017-08-11',NULL,NULL,NULL,NULL);
insert into Item_Mission_Difficulty values('A',641996,170603);
insert into IMission_has_Item values(8,6);
insert into Team values('Bit Sunns','C',8);
update Hunter set teamName = 'Bit Sunns' where hunterID =8;
insert into Hunting_missions values(8,NULL,NULL,8,558550,122157,'Suspendisse porttitor dignissim sem, eu faucibus metus fringilla ut. Fusce massa enim, dictum quis tristique sed, tristique quis enim. In lectus sapien, cursus vel ultrices.','2017-08-11',NULL,NULL,NULL,NULL);
insert into Hunting_missions_difficulty values('A',558550,122157);
insert into MMission_has_Monster values(8,5);
insert into Item_Foraging_Mission values(8,NULL,NULL,6,272313,202641,'Ut sit amet lectus lorem. Proin hendrerit diam et metus eleifend, quis pulvinar ligula rutrum. Aliquam nec vestibulum elit. Aliquam ut vestibulum velit, id venenatis.','2017-08-11',NULL,NULL,NULL,NULL);
insert into Item_Mission_Difficulty values('B',272313,202641);
insert into IMission_has_Item values(8,6);
insert into Item values(9,9,NULL,'CherryMare','A',96,39893);
insert into Item_Name values('CherryMare','Fusce sed ipsum a dui dapibus dictum luctus eget massa. Nullam sem sem, iaculis id metus ut, pulvinar blandit purus. Nullam tristique nisl eget arcu.');
insert into Monster values(9,'MaroonSprypuma','WhistSapphire',41,100,'T');
insert into Hunting_missions values(9,NULL,'null',9,772839,177302,'Suspendisse porttitor dignissim sem, eu faucibus metus fringilla ut. Fusce massa enim, dictum quis tristique sed, tristique quis enim. In lectus sapien, cursus vel ultrices.','2017-08-11',NULL,NULL,NULL,NULL);
insert into Hunting_missions_difficulty values('S',772839,177302);
insert into MMission_has_Monster values(9,6);
insert into Item_Foraging_Mission values(9,NULL,'null',4,761307,79380,'Nulla in eleifend augue. Praesent ultricies dapibus velit, nec volutpat odio semper feugiat. Sed vitae porttitor massa. Integer ac finibus enim. Suspendisse imperdiet sollicitudin ex, aliquam congue mi vestibulum vel. Suspendisse nec tristique mauris. Nunc metus felis, gravida ut faucibus et, bibendum nec nunc. Proin dictum dapibus risus et luctus.','2017-08-11',NULL,NULL,NULL,NULL);
insert into Item_Mission_Difficulty values('A',761307,79380);
insert into IMission_has_Item values(9,8);
insert into Item values(10,10,NULL,'BlueTypos','D',42,786);
insert into Item_Name values('BlueTypos','Suspendisse porttitor dignissim sem, eu faucibus metus fringilla ut. Fusce massa enim, dictum quis tristique sed, tristique quis enim. In lectus sapien, cursus vel ultrices.');
insert into Monster values(10,'TuscanKindHummingbird','CrampedWhite',130,100,'F');
insert into Hunting_missions values(10,NULL,'null',10,305907,533491,'Suspendisse porttitor dignissim sem, eu faucibus metus fringilla ut. Fusce massa enim, dictum quis tristique sed, tristique quis enim. In lectus sapien, cursus vel ultrices.','2017-08-11',NULL,NULL,NULL,NULL);
insert into Hunting_missions_difficulty values('A',305907,533491);
insert into MMission_has_Monster values(10,6);
insert into Item_Foraging_Mission values(10,NULL,'null',1,515403,96030,'Cras facilisis, ligula quis tempor finibus, erat ex pharetra metus, eu blandit ligula magna eu sem. Mauris imperdiet mauris tellus, nec vestibulum justo hendrerit eu. Nulla luctus erat in est tempus luctus. Praesent in elit ex. Pellentesque mattis justo vel ipsum molestie, eu aliquet neque finibus. Donec malesuada risus id.','2017-08-11',NULL,NULL,NULL,NULL);
insert into Item_Mission_Difficulty values('S',515403,96030);
insert into IMission_has_Item values(10,6);
insert into Team values('Both Castes','B',10);
update Hunter set teamName = 'Both Castes' where hunterID =10;
insert into Hunting_missions values(10,NULL,NULL,10,744520,436129,'Nulla in eleifend augue. Praesent ultricies dapibus velit, nec volutpat odio semper feugiat. Sed vitae porttitor massa. Integer ac finibus enim. Suspendisse imperdiet sollicitudin ex, aliquam congue mi vestibulum vel. Suspendisse nec tristique mauris. Nunc metus felis, gravida ut faucibus et, bibendum nec nunc. Proin dictum dapibus risus et luctus.','2017-08-11',NULL,NULL,NULL,NULL);
insert into Hunting_missions_difficulty values('S',744520,436129);
insert into MMission_has_Monster values(10,6);
insert into Item_Foraging_Mission values(10,NULL,NULL,7,204250,444151,'Nulla in eleifend augue. Praesent ultricies dapibus velit, nec volutpat odio semper feugiat. Sed vitae porttitor massa. Integer ac finibus enim. Suspendisse imperdiet sollicitudin ex, aliquam congue mi vestibulum vel. Suspendisse nec tristique mauris. Nunc metus felis, gravida ut faucibus et, bibendum nec nunc. Proin dictum dapibus risus et luctus.','2017-08-11',NULL,NULL,NULL,NULL);
insert into Item_Mission_Difficulty values('S',204250,444151);
insert into IMission_has_Item values(10,6);
insert into Item values(11,11,NULL,'VanillaThanes','A',21,97846);
insert into Item_Name values('VanillaThanes','Quisque aliquam magna ac pellentesque aliquet. Ut a magna vitae odio consequat faucibus vitae non felis. Morbi sodales auctor tristique. Nam eu mi quis erat.');
insert into Monster values(11,'AquamarineSureGiant Panda','KemptIndigo',93,100,'T');
insert into Hunting_missions values(11,NULL,'null',11,799052,195112,'Vestibulum nec egestas lorem. Phasellus euismod neque ut vehicula lobortis. Nulla posuere euismod dignissim. Donec vel eros pellentesque, fermentum arcu id, mollis dui. Sed libero.','2017-08-11',NULL,NULL,NULL,NULL);
insert into Hunting_missions_difficulty values('S',799052,195112);
insert into MMission_has_Monster values(11,4);
insert into Item_Foraging_Mission values(11,NULL,'null',9,966582,174759,'Nulla eget faucibus ipsum. Curabitur vehicula feugiat magna, ac vehicula leo mattis at. Sed sapien ipsum, vehicula at lectus id, viverra ullamcorper erat. Nam sit.','2017-08-11',NULL,NULL,NULL,NULL);
insert into Item_Mission_Difficulty values('S',966582,174759);
insert into IMission_has_Item values(11,4);
insert into Item values(12,12,NULL,'AuburnSoot','D',60,276);
insert into Item_Name values('AuburnSoot','Cras scelerisque in elit vel pharetra. Nulla posuere neque metus. In accumsan quis ex a luctus. Curabitur nec varius mi. Donec sit amet est vel.');
insert into Monster values(12,'GoldFondlion','TopsSalmon',22,100,'T');
insert into Hunting_missions values(12,NULL,'null',12,823199,535443,'Vestibulum nec egestas lorem. Phasellus euismod neque ut vehicula lobortis. Nulla posuere euismod dignissim. Donec vel eros pellentesque, fermentum arcu id, mollis dui. Sed libero.','2017-08-11',NULL,NULL,NULL,NULL);
insert into Hunting_missions_difficulty values('S',823199,535443);
insert into MMission_has_Monster values(12,2);
insert into Item_Foraging_Mission values(12,NULL,'null',2,600709,39995,'Nulla in eleifend augue. Praesent ultricies dapibus velit, nec volutpat odio semper feugiat. Sed vitae porttitor massa. Integer ac finibus enim. Suspendisse imperdiet sollicitudin ex, aliquam congue mi vestibulum vel. Suspendisse nec tristique mauris. Nunc metus felis, gravida ut faucibus et, bibendum nec nunc. Proin dictum dapibus risus et luctus.','2017-08-11',NULL,NULL,NULL,NULL);
insert into Item_Mission_Difficulty values('S',600709,39995);
insert into IMission_has_Item values(12,6);
insert into Team values('Due Dunch','C',12);
update Hunter set teamName = 'Due Dunch' where hunterID =12;
insert into Hunting_missions values(12,NULL,NULL,12,700594,378114,'Quisque aliquam magna ac pellentesque aliquet. Ut a magna vitae odio consequat faucibus vitae non felis. Morbi sodales auctor tristique. Nam eu mi quis erat.','2017-08-11',NULL,NULL,NULL,NULL);
insert into Hunting_missions_difficulty values('S',700594,378114);
insert into MMission_has_Monster values(12,11);
insert into Item_Foraging_Mission values(12,NULL,NULL,11,782977,300636,'Praesent orci tortor, ullamcorper vel nunc non, luctus ultrices turpis. Cras ornare, purus eget suscipit dictum, dui lorem euismod erat, vel malesuada lacus dolor fermentum.','2017-08-11',NULL,NULL,NULL,NULL);
insert into Item_Mission_Difficulty values('S',782977,300636);
insert into IMission_has_Item values(12,2);
insert into Item values(13,13,NULL,'BeigeTil','B',11,7326);
insert into Item_Name values('BeigeTil','Fusce sed ipsum a dui dapibus dictum luctus eget massa. Nullam sem sem, iaculis id metus ut, pulvinar blandit purus. Nullam tristique nisl eget arcu.');
insert into Monster values(13,'AuburnDurehippopotamus','TouchedGold',61,100,'F');
insert into Hunting_missions values(13,NULL,'null',13,38899,129694,'Integer turpis arcu, ultricies pulvinar metus at, ultricies commodo purus. Duis in enim semper tortor sagittis egestas. Phasellus rhoncus vel nisl sit amet gravida. Donec.','2017-08-11',NULL,NULL,NULL,NULL);
insert into Hunting_missions_difficulty values('C',38899,129694);
insert into MMission_has_Monster values(13,3);
insert into Item_Foraging_Mission values(13,NULL,'null',5,754981,189339,'Cras facilisis, ligula quis tempor finibus, erat ex pharetra metus, eu blandit ligula magna eu sem. Mauris imperdiet mauris tellus, nec vestibulum justo hendrerit eu. Nulla luctus erat in est tempus luctus. Praesent in elit ex. Pellentesque mattis justo vel ipsum molestie, eu aliquet neque finibus. Donec malesuada risus id.','2017-08-11',NULL,NULL,NULL,NULL);
insert into Item_Mission_Difficulty values('S',754981,189339);
insert into IMission_has_Item values(13,8);
insert into Item values(14,14,NULL,'CherryJazz','C',97,820);
insert into Item_Name values('CherryJazz','Nullam et viverra magna. Aenean semper eget mauris a pulvinar. Vestibulum in commodo est. Aenean fringilla mattis lacinia. Nullam quis accumsan enim, sed dapibus ex. Proin vehicula, ante eu ultricies eleifend, mi felis lobortis massa, ac venenatis orci tellus ut ligula. Duis convallis nisi pretium, venenatis tellus condimentum, facilisis velit.');
insert into Monster values(14,'AzureEildMoose','FierceRose',7,100,'T');
insert into Hunting_missions values(14,NULL,'null',14,831477,453726,'Suspendisse porttitor dignissim sem, eu faucibus metus fringilla ut. Fusce massa enim, dictum quis tristique sed, tristique quis enim. In lectus sapien, cursus vel ultrices.','2017-08-11',NULL,NULL,NULL,NULL);
insert into Hunting_missions_difficulty values('S',831477,453726);
insert into MMission_has_Monster values(14,10);
insert into Item_Foraging_Mission values(14,NULL,'null',4,274728,156243,'Nulla eget faucibus ipsum. Curabitur vehicula feugiat magna, ac vehicula leo mattis at. Sed sapien ipsum, vehicula at lectus id, viverra ullamcorper erat. Nam sit.','2017-08-11',NULL,NULL,NULL,NULL);
insert into Item_Mission_Difficulty values('A',274728,156243);
insert into IMission_has_Item values(14,2);
insert into Team values('Swell Zooms','S',14);
update Hunter set teamName = 'Swell Zooms' where hunterID =14;
insert into Hunting_missions values(14,NULL,NULL,14,796381,311765,'Sed sed eros nec velit ornare euismod id ut dolor. Etiam turpis ligula, viverra eget hendrerit eu, suscipit et urna. Maecenas consequat metus ut odio lobortis tristique. Phasellus tincidunt eros et commodo pulvinar. Nam vel mollis tortor. Suspendisse potenti. Morbi vel rutrum nunc. Vestibulum eget ex eu erat convallis fermentum.','2017-08-11',NULL,NULL,NULL,NULL);
insert into Hunting_missions_difficulty values('S',796381,311765);
insert into MMission_has_Monster values(14,8);
insert into Item_Foraging_Mission values(14,NULL,NULL,7,803505,525120,'Sed sed eros nec velit ornare euismod id ut dolor. Etiam turpis ligula, viverra eget hendrerit eu, suscipit et urna. Maecenas consequat metus ut odio lobortis tristique. Phasellus tincidunt eros et commodo pulvinar. Nam vel mollis tortor. Suspendisse potenti. Morbi vel rutrum nunc. Vestibulum eget ex eu erat convallis fermentum.','2017-08-11',NULL,NULL,NULL,NULL);
insert into Item_Mission_Difficulty values('S',803505,525120);
insert into IMission_has_Item values(14,12);
