insert into Hunter_experience values(8879,50);
insert into Hunter values(0,'Chirk Soles',95,'M',8879,537328,NULL);
insert into MissionHolder_reputation values(6219220,'S');
insert into MissionHolder values(0,0,'Sane Fats',6219220);
insert into Hunter_experience values(1020,10);
insert into Hunter values(1,'Waur Bun',52,'F',1020,730958,NULL);
insert into MissionHolder_reputation values(8587534,'S');
insert into MissionHolder values(1,23,'Tinct Khats',8587534);
insert into Hunter_experience values(4822,25);
insert into Hunter values(2,'Sewn Whens',8,'M',4822,818882,NULL);
insert into MissionHolder_reputation values(957990,'S');
insert into MissionHolder values(2,8,'Staid Fork',957990);
insert into Hunter_experience values(3138,25);
insert into Hunter values(3,'Liege Plunge',42,'M',3138,529833,NULL);
insert into MissionHolder_reputation values(1671753,'S');
insert into MissionHolder values(3,76,'Gunned Nook',1671753);
insert into Hunter_experience values(6900,50);
insert into Hunter values(4,'Shelled Lyre',67,'M',6900,344453,NULL);
insert into MissionHolder_reputation values(5482173,'S');
insert into MissionHolder values(4,78,'Blate Gull',5482173);
insert into Hunter_experience values(9742,100);
insert into Hunter values(5,'Blear Soles',63,'F',9742,571819,NULL);
insert into MissionHolder_reputation values(4604778,'S');
insert into MissionHolder values(5,93,'Prest Jiao',4604778);
insert into Hunter_experience values(7486,50);
insert into Hunter values(6,'Pale Kiaughs',37,'M',7486,259307,NULL);
insert into MissionHolder_reputation values(7680427,'S');
insert into MissionHolder values(6,7,'Hogged Thud',7680427);
insert into Hunter_experience values(2255,10);
insert into Hunter values(7,'Clad Chirm',53,'F',2255,190987,NULL);
insert into MissionHolder_reputation values(2710577,'S');
insert into MissionHolder values(7,7,'Near Scolds',2710577);
insert into Hunter_experience values(8589,50);
insert into Hunter values(8,'Firm Waifs',27,'M',8589,825909,NULL);
insert into MissionHolder_reputation values(2271627,'S');
insert into MissionHolder values(8,54,'Coursed Twills',2271627);
insert into Hunter_experience values(7539,50);
insert into Hunter values(9,'Pissed Tinct',47,'M',7539,639082,NULL);
insert into MissionHolder_reputation values(6847737,'S');
insert into MissionHolder values(9,68,'Posh Gash',6847737);
insert into Hunter_experience values(902,1);
insert into Hunter values(10,'Told Blouse',42,'M',902,345723,NULL);
insert into MissionHolder_reputation values(6562535,'S');
insert into MissionHolder values(10,93,'Treed Heist',6562535);
insert into Hunter_experience values(7938,50);
insert into Hunter values(11,'Prone Burks',72,'M',7938,764392,NULL);
insert into MissionHolder_reputation values(7106772,'S');
insert into MissionHolder values(11,94,'Edge Spiles',7106772);
insert into Hunter_experience values(4857,25);
insert into Hunter values(12,'Rathe Cranks',68,'F',4857,724588,NULL);
insert into MissionHolder_reputation values(1367387,'S');
insert into MissionHolder values(12,31,'Paid Waughts',1367387);
insert into Hunter_experience values(3143,25);
insert into Hunter values(13,'Bloomed Jaup',63,'M',3143,493426,NULL);
insert into MissionHolder_reputation values(5881792,'S');
insert into MissionHolder values(13,69,'Coarse Blah',5881792);
insert into Hunter_experience values(2583,25);
insert into Hunter values(14,'Manned Yules',15,'M',2583,641350,NULL);
insert into MissionHolder_reputation values(7787668,'S');
insert into MissionHolder values(14,15,'Brisk Dunks',7787668);
insert into Hunter_experience values(5997,50);
insert into Hunter values(15,'Quare Pilch',20,'F',5997,545101,NULL);
insert into MissionHolder_reputation values(3688712,'S');
insert into MissionHolder values(15,39,'Corned Zoos',3688712);
insert into Hunter_experience values(9657,100);
insert into Hunter values(16,'Skint Mottes',13,'M',9657,503603,NULL);
insert into MissionHolder_reputation values(6096913,'S');
insert into MissionHolder values(16,4,'Nude Tyne',6096913);
insert into Hunter_experience values(5,1);
insert into Hunter values(17,'Stale Stoups',88,'F',5,831288,NULL);
insert into MissionHolder_reputation values(3026985,'S');
insert into MissionHolder values(17,34,'Vexed Creaks',3026985);
insert into Hunter_experience values(8722,50);
insert into Hunter values(18,'Blown Wheeze',38,'F',8722,630326,NULL);
insert into MissionHolder_reputation values(564580,'S');
insert into MissionHolder values(18,66,'Worst Spoil',564580);
insert into Hunter_experience values(6595,50);
insert into Hunter values(19,'Foul Seifs',8,'M',6595,190051,NULL);
insert into MissionHolder_reputation values(6325994,'S');
insert into MissionHolder values(19,32,'Tref Wound',6325994);
insert into Item values(1,1,NULL,'CyanScreams','D',90,999);
insert into Item_Name values('CyanScreams','Nulla in eleifend augue. Praesent ultricies dapibus velit, nec volutpat odio semper feugiat. Sed vitae porttitor massa. Integer ac finibus enim. Suspendisse imperdiet sollicitudin ex, aliquam congue mi vestibulum vel. Suspendisse nec tristique mauris. Nunc metus felis, gravida ut faucibus et, bibendum nec nunc. Proin dictum dapibus risus et luctus.');
insert into Monster values(1,'CrimsonDrunkbull','CheesedBeige',0,100,'F');
insert into Hunting_missions values(1,NULL,NULL,1,352242,313158,'Integer turpis arcu, ultricies pulvinar metus at, ultricies commodo purus. Duis in enim semper tortor sagittis egestas. Phasellus rhoncus vel nisl sit amet gravida. Donec.','2017-08-11',NULL,NULL,NULL,NULL);
insert into Hunting_missions_difficulty values('S',352242,313158);
insert into MMission_has_Monster values(1,1);
insert into Item_Foraging_Mission values(1,NULL,NULL,0,764310,392462,'Praesent orci tortor, ullamcorper vel nunc non, luctus ultrices turpis. Cras ornare, purus eget suscipit dictum, dui lorem euismod erat, vel malesuada lacus dolor fermentum.','2017-08-11',NULL,NULL,NULL,NULL);
insert into Item_Mission_Difficulty values('S',764310,392462);
insert into IMission_has_Item values(1,1);
insert into Item values(2,2,NULL,'CyanBans','S',47,240908);
insert into Item_Name values('CyanBans','Suspendisse porttitor dignissim sem, eu faucibus metus fringilla ut. Fusce massa enim, dictum quis tristique sed, tristique quis enim. In lectus sapien, cursus vel ultrices.');
insert into Monster values(2,'VioletEighthApe','KeyedIndigo',39,100,'T');
insert into Team values('Lit Couch','S',2);
update Hunter set teamName = 'Lit Couch' where hunterID =2;
insert into Hunting_missions values(2,NULL,'Lit Couch',2,421070,439537,'Nullam et viverra magna. Aenean semper eget mauris a pulvinar. Vestibulum in commodo est. Aenean fringilla mattis lacinia. Nullam quis accumsan enim, sed dapibus ex. Proin vehicula, ante eu ultricies eleifend, mi felis lobortis massa, ac venenatis orci tellus ut ligula. Duis convallis nisi pretium, venenatis tellus condimentum, facilisis velit.','2017-08-11',NULL,NULL,NULL,NULL);
insert into Hunting_missions_difficulty values('A',421070,439537);
insert into MMission_has_Monster values(2,2);
insert into Item_Foraging_Mission values(2,NULL,'Lit Couch',1,79560,472194,'Integer turpis arcu, ultricies pulvinar metus at, ultricies commodo purus. Duis in enim semper tortor sagittis egestas. Phasellus rhoncus vel nisl sit amet gravida. Donec.','2017-08-11',NULL,NULL,NULL,NULL);
insert into Item_Mission_Difficulty values('A',79560,472194);
insert into IMission_has_Item values(2,2);
insert into Item values(3,3,NULL,'AmberSang','D',6,560);
insert into Item_Name values('AmberSang','Fusce sed ipsum a dui dapibus dictum luctus eget massa. Nullam sem sem, iaculis id metus ut, pulvinar blandit purus. Nullam tristique nisl eget arcu.');
insert into Monster values(3,'AquamarinePushedlizard','StewedBrown',70,100,'F');
insert into Hunting_missions values(3,NULL,NULL,3,384052,246075,'Aenean cursus elit arcu, eget porttitor lacus pharetra sed. Etiam quis tristique urna. Nulla ut orci orci. Curabitur eu justo ut mi placerat rhoncus id.','2017-08-11',NULL,NULL,NULL,NULL);
insert into Hunting_missions_difficulty values('A',384052,246075);
insert into MMission_has_Monster values(3,3);
insert into Item_Foraging_Mission values(3,NULL,NULL,1,483547,564889,'Nullam et viverra magna. Aenean semper eget mauris a pulvinar. Vestibulum in commodo est. Aenean fringilla mattis lacinia. Nullam quis accumsan enim, sed dapibus ex. Proin vehicula, ante eu ultricies eleifend, mi felis lobortis massa, ac venenatis orci tellus ut ligula. Duis convallis nisi pretium, venenatis tellus condimentum, facilisis velit.','2017-08-11',NULL,NULL,NULL,NULL);
insert into Item_Mission_Difficulty values('S',483547,564889);
insert into IMission_has_Item values(3,1);
insert into Item values(4,4,NULL,'PersimmonBeauts','S',3,462220);
insert into Item_Name values('PersimmonBeauts','Cras facilisis, ligula quis tempor finibus, erat ex pharetra metus, eu blandit ligula magna eu sem. Mauris imperdiet mauris tellus, nec vestibulum justo hendrerit eu. Nulla luctus erat in est tempus luctus. Praesent in elit ex. Pellentesque mattis justo vel ipsum molestie, eu aliquet neque finibus. Donec malesuada risus id.');
insert into Monster values(4,'SalmonDreadBarracuda','MobCoral',71,100,'F');
insert into Team values('Awed Mongs','A',4);
update Hunter set teamName = 'Awed Mongs' where hunterID =4;
insert into Hunting_missions values(4,NULL,'Awed Mongs',4,166191,586267,'Integer turpis arcu, ultricies pulvinar metus at, ultricies commodo purus. Duis in enim semper tortor sagittis egestas. Phasellus rhoncus vel nisl sit amet gravida. Donec.','2017-08-11',NULL,NULL,NULL,NULL);
insert into Hunting_missions_difficulty values('A',166191,586267);
insert into MMission_has_Monster values(4,2);
insert into Item_Foraging_Mission values(4,NULL,'Awed Mongs',0,183728,260565,'Praesent orci tortor, ullamcorper vel nunc non, luctus ultrices turpis. Cras ornare, purus eget suscipit dictum, dui lorem euismod erat, vel malesuada lacus dolor fermentum.','2017-08-11',NULL,NULL,NULL,NULL);
insert into Item_Mission_Difficulty values('B',183728,260565);
insert into IMission_has_Item values(4,2);
insert into Item values(5,5,NULL,'PlumStirps','D',82,894);
insert into Item_Name values('PlumStirps','Cras scelerisque in elit vel pharetra. Nulla posuere neque metus. In accumsan quis ex a luctus. Curabitur nec varius mi. Donec sit amet est vel.');
insert into Monster values(5,'BlackEbbgoldfish','DankBeige',0,100,'F');
insert into Hunting_missions values(5,NULL,NULL,5,874408,322128,'Suspendisse porttitor dignissim sem, eu faucibus metus fringilla ut. Fusce massa enim, dictum quis tristique sed, tristique quis enim. In lectus sapien, cursus vel ultrices.','2017-08-11',NULL,NULL,NULL,NULL);
insert into Hunting_missions_difficulty values('S',874408,322128);
insert into MMission_has_Monster values(5,1);
insert into Item_Foraging_Mission values(5,NULL,NULL,3,642058,109855,'Fusce sed ipsum a dui dapibus dictum luctus eget massa. Nullam sem sem, iaculis id metus ut, pulvinar blandit purus. Nullam tristique nisl eget arcu.','2017-08-11',NULL,NULL,NULL,NULL);
insert into Item_Mission_Difficulty values('S',642058,109855);
insert into IMission_has_Item values(5,2);
insert into Item values(6,6,NULL,'PurpleDrogue','A',52,91313);
insert into Item_Name values('PurpleDrogue','Quisque aliquam magna ac pellentesque aliquet. Ut a magna vitae odio consequat faucibus vitae non felis. Morbi sodales auctor tristique. Nam eu mi quis erat.');
insert into Monster values(6,'TurquoiseNettbeaver','SecLime',31,100,'F');
insert into Team values('Blamed Glance','D',6);
update Hunter set teamName = 'Blamed Glance' where hunterID =6;
insert into Hunting_missions values(6,NULL,'Blamed Glance',6,282097,519517,'Praesent orci tortor, ullamcorper vel nunc non, luctus ultrices turpis. Cras ornare, purus eget suscipit dictum, dui lorem euismod erat, vel malesuada lacus dolor fermentum.','2017-08-11',NULL,NULL,NULL,NULL);
insert into Hunting_missions_difficulty values('A',282097,519517);
insert into MMission_has_Monster values(6,5);
insert into Item_Foraging_Mission values(6,NULL,'Blamed Glance',1,495240,260112,'Quisque aliquam magna ac pellentesque aliquet. Ut a magna vitae odio consequat faucibus vitae non felis. Morbi sodales auctor tristique. Nam eu mi quis erat.','2017-08-11',NULL,NULL,NULL,NULL);
insert into Item_Mission_Difficulty values('S',495240,260112);
insert into IMission_has_Item values(6,2);
insert into Item values(7,7,NULL,'TanLymphs','C',11,764);
insert into Item_Name values('TanLymphs','Praesent orci tortor, ullamcorper vel nunc non, luctus ultrices turpis. Cras ornare, purus eget suscipit dictum, dui lorem euismod erat, vel malesuada lacus dolor fermentum.');
insert into Monster values(7,'PersimmonDoiledChimpanzee','CrazedYellow',146,100,'F');
insert into Hunting_missions values(7,NULL,NULL,7,677037,575255,'Aenean cursus elit arcu, eget porttitor lacus pharetra sed. Etiam quis tristique urna. Nulla ut orci orci. Curabitur eu justo ut mi placerat rhoncus id.','2017-08-11',NULL,NULL,NULL,NULL);
insert into Hunting_missions_difficulty values('S',677037,575255);
insert into MMission_has_Monster values(7,2);
insert into Item_Foraging_Mission values(7,NULL,NULL,1,775671,378207,'Nulla eget faucibus ipsum. Curabitur vehicula feugiat magna, ac vehicula leo mattis at. Sed sapien ipsum, vehicula at lectus id, viverra ullamcorper erat. Nam sit.','2017-08-11',NULL,NULL,NULL,NULL);
insert into Item_Mission_Difficulty values('A',775671,378207);
insert into IMission_has_Item values(7,6);
insert into Item values(8,8,NULL,'CopperShade','B',15,8410);
insert into Item_Name values('CopperShade','Praesent orci tortor, ullamcorper vel nunc non, luctus ultrices turpis. Cras ornare, purus eget suscipit dictum, dui lorem euismod erat, vel malesuada lacus dolor fermentum.');
insert into Monster values(8,'SalmonStrungLeopard','LichtGold',23,100,'F');
insert into Team values('Laigh Tamp','C',8);
update Hunter set teamName = 'Laigh Tamp' where hunterID =8;
insert into Hunting_missions values(8,NULL,'Laigh Tamp',8,550676,149307,'Pellentesque habitant morbi tristique senectus et netus et malesuada fames ac turpis egestas. Nullam eget ullamcorper arcu. Curabitur dictum nisl condimentum mauris semper, et scelerisque.','2017-08-11',NULL,NULL,NULL,NULL);
insert into Hunting_missions_difficulty values('A',550676,149307);
insert into MMission_has_Monster values(8,7);
insert into Item_Foraging_Mission values(8,NULL,'Laigh Tamp',1,493608,194894,'Praesent orci tortor, ullamcorper vel nunc non, luctus ultrices turpis. Cras ornare, purus eget suscipit dictum, dui lorem euismod erat, vel malesuada lacus dolor fermentum.','2017-08-11',NULL,NULL,NULL,NULL);
insert into Item_Mission_Difficulty values('A',493608,194894);
insert into IMission_has_Item values(8,4);
insert into Item values(9,9,NULL,'TanChalk','A',38,44190);
insert into Item_Name values('TanChalk','Nulla in eleifend augue. Praesent ultricies dapibus velit, nec volutpat odio semper feugiat. Sed vitae porttitor massa. Integer ac finibus enim. Suspendisse imperdiet sollicitudin ex, aliquam congue mi vestibulum vel. Suspendisse nec tristique mauris. Nunc metus felis, gravida ut faucibus et, bibendum nec nunc. Proin dictum dapibus risus et luctus.');
insert into Monster values(9,'PearlTwelfthCurlew','BirkCherry',15,100,'F');
insert into Hunting_missions values(9,NULL,NULL,9,966103,503538,'Pellentesque habitant morbi tristique senectus et netus et malesuada fames ac turpis egestas. Nullam eget ullamcorper arcu. Curabitur dictum nisl condimentum mauris semper, et scelerisque.','2017-08-11',NULL,NULL,NULL,NULL);
insert into Hunting_missions_difficulty values('S',966103,503538);
insert into MMission_has_Monster values(9,1);
insert into Item_Foraging_Mission values(9,NULL,NULL,8,134205,198836,'Cras scelerisque in elit vel pharetra. Nulla posuere neque metus. In accumsan quis ex a luctus. Curabitur nec varius mi. Donec sit amet est vel.','2017-08-11',NULL,NULL,NULL,NULL);
insert into Item_Mission_Difficulty values('A',134205,198836);
insert into IMission_has_Item values(9,3);
insert into Item values(10,10,NULL,'PurpleChields','A',32,45648);
insert into Item_Name values('PurpleChields','Cras scelerisque in elit vel pharetra. Nulla posuere neque metus. In accumsan quis ex a luctus. Curabitur nec varius mi. Donec sit amet est vel.');
insert into Monster values(10,'SiennaCowledJaguar','GorgedTurquoise',70,100,'T');
insert into Team values('Cowled Tael','D',10);
update Hunter set teamName = 'Cowled Tael' where hunterID =10;
insert into Hunting_missions values(10,NULL,'Cowled Tael',10,207659,134122,'Ut sit amet lectus lorem. Proin hendrerit diam et metus eleifend, quis pulvinar ligula rutrum. Aliquam nec vestibulum elit. Aliquam ut vestibulum velit, id venenatis.','2017-08-11',NULL,NULL,NULL,NULL);
insert into Hunting_missions_difficulty values('A',207659,134122);
insert into MMission_has_Monster values(10,6);
insert into Item_Foraging_Mission values(10,NULL,'Cowled Tael',4,358036,129612,'Aenean cursus elit arcu, eget porttitor lacus pharetra sed. Etiam quis tristique urna. Nulla ut orci orci. Curabitur eu justo ut mi placerat rhoncus id.','2017-08-11',NULL,NULL,NULL,NULL);
insert into Item_Mission_Difficulty values('B',358036,129612);
insert into IMission_has_Item values(10,7);
insert into Item values(11,11,NULL,'OliveShoals','A',19,27042);
insert into Item_Name values('OliveShoals','Nullam et viverra magna. Aenean semper eget mauris a pulvinar. Vestibulum in commodo est. Aenean fringilla mattis lacinia. Nullam quis accumsan enim, sed dapibus ex. Proin vehicula, ante eu ultricies eleifend, mi felis lobortis massa, ac venenatis orci tellus ut ligula. Duis convallis nisi pretium, venenatis tellus condimentum, facilisis velit.');
insert into Monster values(11,'SapphireScrapNarwhal','MimTurquoise',89,100,'F');
insert into Hunting_missions values(11,NULL,NULL,11,929453,288352,'Quisque aliquam magna ac pellentesque aliquet. Ut a magna vitae odio consequat faucibus vitae non felis. Morbi sodales auctor tristique. Nam eu mi quis erat.','2017-08-11',NULL,NULL,NULL,NULL);
insert into Hunting_missions_difficulty values('S',929453,288352);
insert into MMission_has_Monster values(11,10);
insert into Item_Foraging_Mission values(11,NULL,NULL,3,215560,89826,'Cras scelerisque in elit vel pharetra. Nulla posuere neque metus. In accumsan quis ex a luctus. Curabitur nec varius mi. Donec sit amet est vel.','2017-08-11',NULL,NULL,NULL,NULL);
insert into Item_Mission_Difficulty values('A',215560,89826);
insert into IMission_has_Item values(11,1);
insert into Item values(12,12,NULL,'SalmonMew','E',99,155);
insert into Item_Name values('SalmonMew','Cras scelerisque in elit vel pharetra. Nulla posuere neque metus. In accumsan quis ex a luctus. Curabitur nec varius mi. Donec sit amet est vel.');
insert into Monster values(12,'BlackStrungCoyote','ShillRed',80,100,'F');
insert into Team values('Rife Pails','D',12);
update Hunter set teamName = 'Rife Pails' where hunterID =12;
insert into Hunting_missions values(12,NULL,'Rife Pails',12,323534,174532,'Nulla in eleifend augue. Praesent ultricies dapibus velit, nec volutpat odio semper feugiat. Sed vitae porttitor massa. Integer ac finibus enim. Suspendisse imperdiet sollicitudin ex, aliquam congue mi vestibulum vel. Suspendisse nec tristique mauris. Nunc metus felis, gravida ut faucibus et, bibendum nec nunc. Proin dictum dapibus risus et luctus.','2017-08-11',NULL,NULL,NULL,NULL);
insert into Hunting_missions_difficulty values('A',323534,174532);
insert into MMission_has_Monster values(12,6);
insert into Item_Foraging_Mission values(12,NULL,'Rife Pails',0,366112,307112,'Suspendisse porttitor dignissim sem, eu faucibus metus fringilla ut. Fusce massa enim, dictum quis tristique sed, tristique quis enim. In lectus sapien, cursus vel ultrices.','2017-08-11',NULL,NULL,NULL,NULL);
insert into Item_Mission_Difficulty values('S',366112,307112);
insert into IMission_has_Item values(12,7);
insert into Item values(13,13,NULL,'MagentaDook','D',10,850);
insert into Item_Name values('MagentaDook','Cras facilisis, ligula quis tempor finibus, erat ex pharetra metus, eu blandit ligula magna eu sem. Mauris imperdiet mauris tellus, nec vestibulum justo hendrerit eu. Nulla luctus erat in est tempus luctus. Praesent in elit ex. Pellentesque mattis justo vel ipsum molestie, eu aliquet neque finibus. Donec malesuada risus id.');
insert into Monster values(13,'TealGnarledLlama','FrailBronze',32,100,'F');
insert into Hunting_missions values(13,NULL,NULL,13,86722,96290,'Nulla in eleifend augue. Praesent ultricies dapibus velit, nec volutpat odio semper feugiat. Sed vitae porttitor massa. Integer ac finibus enim. Suspendisse imperdiet sollicitudin ex, aliquam congue mi vestibulum vel. Suspendisse nec tristique mauris. Nunc metus felis, gravida ut faucibus et, bibendum nec nunc. Proin dictum dapibus risus et luctus.','2017-08-11',NULL,NULL,NULL,NULL);
insert into Hunting_missions_difficulty values('A',86722,96290);
insert into MMission_has_Monster values(13,7);
insert into Item_Foraging_Mission values(13,NULL,NULL,6,501428,312628,'Nulla eget faucibus ipsum. Curabitur vehicula feugiat magna, ac vehicula leo mattis at. Sed sapien ipsum, vehicula at lectus id, viverra ullamcorper erat. Nam sit.','2017-08-11',NULL,NULL,NULL,NULL);
insert into Item_Mission_Difficulty values('S',501428,312628);
insert into IMission_has_Item values(13,5);
insert into Item values(14,14,NULL,'VioletTors','D',56,600);
insert into Item_Name values('VioletTors','Nullam et viverra magna. Aenean semper eget mauris a pulvinar. Vestibulum in commodo est. Aenean fringilla mattis lacinia. Nullam quis accumsan enim, sed dapibus ex. Proin vehicula, ante eu ultricies eleifend, mi felis lobortis massa, ac venenatis orci tellus ut ligula. Duis convallis nisi pretium, venenatis tellus condimentum, facilisis velit.');
insert into Monster values(14,'TanOkeMeerkat','GroovedOrange',9,100,'T');
insert into Team values('Triste Bauds','D',14);
update Hunter set teamName = 'Triste Bauds' where hunterID =14;
insert into Hunting_missions values(14,NULL,'Triste Bauds',14,470785,486536,'Quisque aliquam magna ac pellentesque aliquet. Ut a magna vitae odio consequat faucibus vitae non felis. Morbi sodales auctor tristique. Nam eu mi quis erat.','2017-08-11',NULL,NULL,NULL,NULL);
insert into Hunting_missions_difficulty values('S',470785,486536);
insert into MMission_has_Monster values(14,6);
insert into Item_Foraging_Mission values(14,NULL,'Triste Bauds',6,380797,505573,'Nulla eget faucibus ipsum. Curabitur vehicula feugiat magna, ac vehicula leo mattis at. Sed sapien ipsum, vehicula at lectus id, viverra ullamcorper erat. Nam sit.','2017-08-11',NULL,NULL,NULL,NULL);
insert into Item_Mission_Difficulty values('A',380797,505573);
insert into IMission_has_Item values(14,12);
