insert into Hunter values(0,'Kitsch Near',69,'F',8932,718561,NULL);
insert into Hunter_experience values(8932,50);
insert into Team values('Moire Yapps','B',0);
insert into MissionHolder values(0,15,'Grab Strums',235,1627100);
insert into MissionHolder_reputation values(1627100,'S');
insert into Hunter values(1,'Screwed Skelfs',86,'M',3029,479528,NULL);
insert into Hunter_experience values(3029,25);
insert into MissionHolder values(1,19,'Snug Chafes',627,6932295);
insert into MissionHolder_reputation values(6932295,'S');
insert into Hunter values(2,'Thick Site',40,'F',349,601910,NULL);
insert into Hunter_experience values(349,1);
insert into Team values('Passed Cheats','B',2);
insert into MissionHolder values(2,29,'Mown Clucks',48,8284172);
insert into MissionHolder_reputation values(8284172,'S');
insert into Hunter values(3,'Eyed Smit',5,'F',6021,47314,NULL);
insert into Hunter_experience values(6021,50);
insert into MissionHolder values(3,36,'Proud Gaur',524,3415125);
insert into MissionHolder_reputation values(3415125,'S');
insert into Hunter values(4,'Mod Purls',41,'F',1967,917075,NULL);
insert into Hunter_experience values(1967,10);
insert into Team values('Prest Boles','C',4);
insert into MissionHolder values(4,29,'Punk Fen',171,6485958);
insert into MissionHolder_reputation values(6485958,'S');
insert into Hunter values(5,'Chance Squawks',19,'M',4402,268610,NULL);
insert into Hunter_experience values(4402,25);
insert into MissionHolder values(5,69,'Mailed Pricks',586,3660809);
insert into MissionHolder_reputation values(3660809,'S');
insert into Hunter values(6,'Blunt Slants',35,'F',5136,250958,NULL);
insert into Hunter_experience values(5136,50);
insert into Team values('Gunned Tahr','E',6);
insert into MissionHolder values(6,6,'Marked Flakes',912,7217628);
insert into MissionHolder_reputation values(7217628,'S');
insert into Hunter values(7,'Flip Rants',32,'F',3046,732701,NULL);
insert into Hunter_experience values(3046,25);
insert into MissionHolder values(7,38,'Slain Ribs',280,7807146);
insert into MissionHolder_reputation values(7807146,'S');
insert into Hunter values(8,'Trad Cose',79,'M',6130,923568,NULL);
insert into Hunter_experience values(6130,50);
insert into Team values('Toed Realm','S',8);
insert into MissionHolder values(8,44,'Damn Nappes',2,583408);
insert into MissionHolder_reputation values(583408,'S');
insert into Hunter values(9,'Dusk Frowst',72,'F',260,167032,NULL);
insert into Hunter_experience values(260,1);
insert into MissionHolder values(9,81,'Wersh Farms',896,4355978);
insert into MissionHolder_reputation values(4355978,'S');
insert into Item values(3,0,NULL,'MaroonThrongs','E',82,843);
insert into Item_Name values('MaroonThrongs','Cras scelerisque in elit vel pharetra. Nulla posuere neque metus. In accumsan quis ex a luctus. Curabitur nec varius mi. Donec sit amet est vel.');
insert into Monster values(35,'OrangePentNightingale','CrinedSapphire',148,100,'F');
insert into Hunting_missions values(43,NULL,0,47286,98448,'Cras scelerisque in elit vel pharetra. Nulla posuere neque metus. In accumsan quis ex a luctus. Curabitur nec varius mi. Donec sit amet est vel.','2017-08-11',NULL,NULL,NULL,NULL);
insert into Hunting_missions_difficulty values('B',47286,98448);
insert into MMission_has_Monster values(43,5);
insert into Item values(59,1,NULL,'PlumVeld','A',92,65352);
insert into Item_Name values('PlumVeld','Pellentesque habitant morbi tristique senectus et netus et malesuada fames ac turpis egestas. Nullam eget ullamcorper arcu. Curabitur dictum nisl condimentum mauris semper, et scelerisque.');
insert into Monster values(19,'SalmonWoundMallard','DreichBronze',28,100,'F');
insert into Hunting_missions values(192,NULL,1,12738,438749,'Cras facilisis, ligula quis tempor finibus, erat ex pharetra metus, eu blandit ligula magna eu sem. Mauris imperdiet mauris tellus, nec vestibulum justo hendrerit eu. Nulla luctus erat in est tempus luctus. Praesent in elit ex. Pellentesque mattis justo vel ipsum molestie, eu aliquet neque finibus. Donec malesuada risus id.','2017-08-11',NULL,NULL,NULL,NULL);
insert into Hunting_missions_difficulty values('A',12738,438749);
insert into MMission_has_Monster values(192,8);
insert into Item values(34,2,NULL,'SapphirePic','B',61,4192);
insert into Item_Name values('SapphirePic','Fusce sed ipsum a dui dapibus dictum luctus eget massa. Nullam sem sem, iaculis id metus ut, pulvinar blandit purus. Nullam tristique nisl eget arcu.');
insert into Monster values(34,'BlackFierceTrout','LobedMaroon',2,100,'F');
insert into Hunting_missions values(80,NULL,2,157610,392300,'Nullam et viverra magna. Aenean semper eget mauris a pulvinar. Vestibulum in commodo est. Aenean fringilla mattis lacinia. Nullam quis accumsan enim, sed dapibus ex. Proin vehicula, ante eu ultricies eleifend, mi felis lobortis massa, ac venenatis orci tellus ut ligula. Duis convallis nisi pretium, venenatis tellus condimentum, facilisis velit.','2017-08-11',NULL,NULL,NULL,NULL);
insert into Hunting_missions_difficulty values('A',157610,392300);
insert into MMission_has_Monster values(80,3);
insert into Item values(55,3,NULL,'CoralFonts','S',10,512313);
insert into Item_Name values('CoralFonts','Quisque aliquam magna ac pellentesque aliquet. Ut a magna vitae odio consequat faucibus vitae non felis. Morbi sodales auctor tristique. Nam eu mi quis erat.');
insert into Monster values(57,'AzureDriedCrab','HookedCherry',41,100,'F');
insert into Hunting_missions values(865,NULL,3,855316,76397,'Integer turpis arcu, ultricies pulvinar metus at, ultricies commodo purus. Duis in enim semper tortor sagittis egestas. Phasellus rhoncus vel nisl sit amet gravida. Donec.','2017-08-11',NULL,NULL,NULL,NULL);
insert into Hunting_missions_difficulty values('S',855316,76397);
insert into MMission_has_Monster values(865,4);
insert into Item values(21,4,NULL,'FuchsiaGrave','S',1,661906);
insert into Item_Name values('FuchsiaGrave','Nullam et viverra magna. Aenean semper eget mauris a pulvinar. Vestibulum in commodo est. Aenean fringilla mattis lacinia. Nullam quis accumsan enim, sed dapibus ex. Proin vehicula, ante eu ultricies eleifend, mi felis lobortis massa, ac venenatis orci tellus ut ligula. Duis convallis nisi pretium, venenatis tellus condimentum, facilisis velit.');
insert into Monster values(78,'AmberVoicedcalf','TrigBlue',41,100,'T');
insert into Hunting_missions values(372,NULL,4,596732,124471,'Pellentesque habitant morbi tristique senectus et netus et malesuada fames ac turpis egestas. Nullam eget ullamcorper arcu. Curabitur dictum nisl condimentum mauris semper, et scelerisque.','2017-08-11',NULL,NULL,NULL,NULL);
insert into Hunting_missions_difficulty values('A',596732,124471);
insert into MMission_has_Monster values(372,6);
insert into Item values(85,5,NULL,'RedVies','E',72,612);
insert into Item_Name values('RedVies','Nulla eget faucibus ipsum. Curabitur vehicula feugiat magna, ac vehicula leo mattis at. Sed sapien ipsum, vehicula at lectus id, viverra ullamcorper erat. Nam sit.');
insert into Monster values(8,'MaroonAltfrog','ThwartSienna',15,100,'F');
insert into Hunting_missions values(147,NULL,5,727459,132232,'Sed sed eros nec velit ornare euismod id ut dolor. Etiam turpis ligula, viverra eget hendrerit eu, suscipit et urna. Maecenas consequat metus ut odio lobortis tristique. Phasellus tincidunt eros et commodo pulvinar. Nam vel mollis tortor. Suspendisse potenti. Morbi vel rutrum nunc. Vestibulum eget ex eu erat convallis fermentum.','2017-08-11',NULL,NULL,NULL,NULL);
insert into Hunting_missions_difficulty values('A',727459,132232);
insert into MMission_has_Monster values(147,1);
insert into Item values(3,6,NULL,'CyanNave','E',98,764);
insert into Item_Name values('CyanNave','Cras scelerisque in elit vel pharetra. Nulla posuere neque metus. In accumsan quis ex a luctus. Curabitur nec varius mi. Donec sit amet est vel.');
insert into Monster values(64,'BlackKeptDonkey','FarGrey',42,100,'T');
insert into Hunting_missions values(155,NULL,6,386567,210357,'Aenean cursus elit arcu, eget porttitor lacus pharetra sed. Etiam quis tristique urna. Nulla ut orci orci. Curabitur eu justo ut mi placerat rhoncus id.','2017-08-11',NULL,NULL,NULL,NULL);
insert into Hunting_missions_difficulty values('S',386567,210357);
insert into MMission_has_Monster values(155,6);
