insert into Hunter values(0,'Rush Twites',82,'M',4262,917426,NULL);
insert into Hunter_experience values(4262,25);
insert into Team values('Taut Rapes','B',0);
insert into Item values(40,0,NULL,'BrownGrists','D',7,956);
insert into Item_Name values('BrownGrists','Integer turpis arcu, ultricies pulvinar metus at, ultricies commodo purus. Duis in enim semper tortor sagittis egestas. Phasellus rhoncus vel nisl sit amet gravida. Donec.');
insert into MissionHolder values(0,55,'Fore Sprit',225,1793819);insert into MissionHolder_reputation values(1793819,S);insert into Hunter values(1,'Thae Hoot',9,'F',9428,417620,NULL);
insert into Hunter_experience values(9428,100);
insert into Item values(27,1,NULL,'TuscanBarre','B',83,8432);
insert into Item_Name values('TuscanBarre','Fusce sed ipsum a dui dapibus dictum luctus eget massa. Nullam sem sem, iaculis id metus ut, pulvinar blandit purus. Nullam tristique nisl eget arcu.');
insert into MissionHolder values(1,34,'Kraal Cosh',298,8643941);insert into MissionHolder_reputation values(8643941,S);insert into Hunter values(2,'Slight Junks',42,'M',8904,76232,NULL);
insert into Hunter_experience values(8904,50);
insert into Team values('Starred Clews','C',2);
insert into Item values(97,2,NULL,'RoseJaks','A',97,19848);
insert into Item_Name values('RoseJaks','Nulla eget faucibus ipsum. Curabitur vehicula feugiat magna, ac vehicula leo mattis at. Sed sapien ipsum, vehicula at lectus id, viverra ullamcorper erat. Nam sit.');
insert into MissionHolder values(2,14,'Sold Limps',20,6465294);insert into MissionHolder_reputation values(6465294,S);insert into Hunter values(3,'Thrown Grubs',86,'F',8480,171202,NULL);
insert into Hunter_experience values(8480,50);
insert into Item values(60,3,NULL,'OliveFail','S',3,503249);
insert into Item_Name values('OliveFail','Pellentesque habitant morbi tristique senectus et netus et malesuada fames ac turpis egestas. Nullam eget ullamcorper arcu. Curabitur dictum nisl condimentum mauris semper, et scelerisque.');
insert into MissionHolder values(3,77,'Brusque Lar',842,5188372);insert into MissionHolder_reputation values(5188372,S);insert into Hunter values(4,'Beaut Larks',99,'F',3280,862114,NULL);
insert into Hunter_experience values(3280,25);
insert into Team values('Shed Graze','B',4);
insert into Item values(95,4,NULL,'AmberPhots','S',45,465274);
insert into Item_Name values('AmberPhots','Ut sit amet lectus lorem. Proin hendrerit diam et metus eleifend, quis pulvinar ligula rutrum. Aliquam nec vestibulum elit. Aliquam ut vestibulum velit, id venenatis.');
insert into MissionHolder values(4,8,'Hoofed Vail',738,9386884);insert into MissionHolder_reputation values(9386884,S);insert into Hunter values(5,'Greige Peers',36,'M',5083,939813,NULL);
insert into Hunter_experience values(5083,50);
insert into Item values(17,5,NULL,'CyanTeil','B',86,6241);
insert into Item_Name values('CyanTeil','Praesent orci tortor, ullamcorper vel nunc non, luctus ultrices turpis. Cras ornare, purus eget suscipit dictum, dui lorem euismod erat, vel malesuada lacus dolor fermentum.');
insert into MissionHolder values(5,91,'Brief Punks',948,5156016);insert into MissionHolder_reputation values(5156016,S);insert into Hunter values(6,'Looped Hearse',94,'F',5904,522580,NULL);
insert into Hunter_experience values(5904,50);
insert into Team values('Crowned Boulles','B',6);
insert into Item values(81,6,NULL,'GreenZoom','A',46,52868);
insert into Item_Name values('GreenZoom','Quisque aliquam magna ac pellentesque aliquet. Ut a magna vitae odio consequat faucibus vitae non felis. Morbi sodales auctor tristique. Nam eu mi quis erat.');
insert into MissionHolder values(6,10,'Raked Fronds',844,8812832);insert into MissionHolder_reputation values(8812832,S);insert into Hunter values(7,'Stoned Doeks',3,'M',3869,10683,NULL);
insert into Hunter_experience values(3869,25);
insert into Item values(77,7,NULL,'LimeHates','S',42,995239);
insert into Item_Name values('LimeHates','Aenean cursus elit arcu, eget porttitor lacus pharetra sed. Etiam quis tristique urna. Nulla ut orci orci. Curabitur eu justo ut mi placerat rhoncus id.');
insert into MissionHolder values(7,0,'Shed Smocks',993,4410218);insert into MissionHolder_reputation values(4410218,S);insert into Hunter values(8,'Shed Scabs',82,'M',5844,838147,NULL);
insert into Hunter_experience values(5844,50);
insert into Team values('Thru Tough','A',8);
insert into Item values(91,8,NULL,'YellowDroops','D',35,550);
insert into Item_Name values('YellowDroops','Vestibulum nec egestas lorem. Phasellus euismod neque ut vehicula lobortis. Nulla posuere euismod dignissim. Donec vel eros pellentesque, fermentum arcu id, mollis dui. Sed libero.');
insert into MissionHolder values(8,10,'Eighth Cheeks',999,8678672);insert into MissionHolder_reputation values(8678672,S);insert into Hunter values(9,'Some Cart',60,'M',8523,254667,NULL);
insert into Hunter_experience values(8523,50);
insert into Item values(19,9,NULL,'RoseDesk','C',38,251);
insert into Item_Name values('RoseDesk','Quisque aliquam magna ac pellentesque aliquet. Ut a magna vitae odio consequat faucibus vitae non felis. Morbi sodales auctor tristique. Nam eu mi quis erat.');
insert into MissionHolder values(9,90,'Trim Dits',416,3154315);insert into MissionHolder_reputation values(3154315,S);insert into Monster values(28,'IvoryNowedElephant seal','QuackSalmon',101,100,'T');
insert into Hunting_missions values(146,NULL,0,803243,154266,'Quisque aliquam magna ac pellentesque aliquet. Ut a magna vitae odio consequat faucibus vitae non felis. Morbi sodales auctor tristique. Nam eu mi quis erat.','2017-08-11',NULL,NULL,NULL,NULL);
insert into Huntin_missions_difficulty values(S,803243,154266);
insert into MMission_has_Monster values(146,2);
insert into Monster values(84,'BrownSuavereindeer','ForeCyan',103,100,'T');
insert into Hunting_missions values(54,NULL,1,799593,384837,'Suspendisse porttitor dignissim sem, eu faucibus metus fringilla ut. Fusce massa enim, dictum quis tristique sed, tristique quis enim. In lectus sapien, cursus vel ultrices.','2017-08-11',NULL,NULL,NULL,NULL);
insert into Huntin_missions_difficulty values(S,799593,384837);
insert into MMission_has_Monster values(54,1);
insert into Monster values(55,'VioletLanklynx','DishedOrange',65,100,'T');
insert into Hunting_missions values(836,NULL,2,687031,324387,'Ut sit amet lectus lorem. Proin hendrerit diam et metus eleifend, quis pulvinar ligula rutrum. Aliquam nec vestibulum elit. Aliquam ut vestibulum velit, id venenatis.','2017-08-11',NULL,NULL,NULL,NULL);
insert into Huntin_missions_difficulty values(S,687031,324387);
insert into MMission_has_Monster values(836,9);
insert into Monster values(84,'RedToothedHummingbird','WudMagenta',32,100,'F');
insert into Hunting_missions values(150,NULL,3,764468,112333,'Nulla in eleifend augue. Praesent ultricies dapibus velit, nec volutpat odio semper feugiat. Sed vitae porttitor massa. Integer ac finibus enim. Suspendisse imperdiet sollicitudin ex, aliquam congue mi vestibulum vel. Suspendisse nec tristique mauris. Nunc metus felis, gravida ut faucibus et, bibendum nec nunc. Proin dictum dapibus risus et luctus.','2017-08-11',NULL,NULL,NULL,NULL);
insert into Huntin_missions_difficulty values(S,764468,112333);
insert into MMission_has_Monster values(150,2);
insert into Monster values(72,'OnyxRushdog','ArchedGrey',113,100,'T');
insert into Hunting_missions values(836,NULL,4,440819,70857,'Praesent orci tortor, ullamcorper vel nunc non, luctus ultrices turpis. Cras ornare, purus eget suscipit dictum, dui lorem euismod erat, vel malesuada lacus dolor fermentum.','2017-08-11',NULL,NULL,NULL,NULL);
insert into Huntin_missions_difficulty values(S,440819,70857);
insert into MMission_has_Monster values(836,1);
insert into Monster values(44,'IndigoLitheOctopus','WeeRuby',131,100,'T');
insert into Hunting_missions values(960,NULL,5,697828,457543,'Praesent orci tortor, ullamcorper vel nunc non, luctus ultrices turpis. Cras ornare, purus eget suscipit dictum, dui lorem euismod erat, vel malesuada lacus dolor fermentum.','2017-08-11',NULL,NULL,NULL,NULL);
insert into Huntin_missions_difficulty values(S,697828,457543);
insert into MMission_has_Monster values(960,8);
insert into Monster values(21,'GoldEbbCrane','QuackPeach',1,100,'F');
insert into Hunting_missions values(638,NULL,6,936491,188684,'Cras scelerisque in elit vel pharetra. Nulla posuere neque metus. In accumsan quis ex a luctus. Curabitur nec varius mi. Donec sit amet est vel.','2017-08-11',NULL,NULL,NULL,NULL);
insert into Huntin_missions_difficulty values(S,936491,188684);
insert into MMission_has_Monster values(638,7);
