insert into Hunter_experience values(1288,10);
insert into Hunter values(0,'Nett Bonce',41,'M',1288,619832,NULL);
insert into Team values('Such Rafts','A',0);
update Hunter set teamName = 'Such Rafts' where hunterID =0;
insert into MissionHolder_reputation values(2497301,'S');
insert into MissionHolder values(0,50,'Vile Lust',2497301);
insert into Hunter_experience values(6524,50);
insert into Hunter values(1,'Sere Fess',90,'F',6524,514694,NULL);
insert into MissionHolder_reputation values(49870,'D');
insert into MissionHolder values(1,38,'Staunch Checks',49870);
insert into Hunter_experience values(6841,50);
insert into Hunter values(2,'Prim Fix',27,'F',6841,896943,NULL);
insert into Team values('Pseud Clench','A',2);
update Hunter set teamName = 'Pseud Clench' where hunterID =2;
insert into MissionHolder_reputation values(7625276,'S');
insert into MissionHolder values(2,96,'Shod Deme',7625276);
insert into Hunter_experience values(6266,50);
insert into Hunter values(3,'Stale Probs',73,'M',6266,895566,NULL);
insert into MissionHolder_reputation values(4732522,'S');
insert into MissionHolder values(3,9,'Dread Bigg',4732522);
insert into Hunter_experience values(2785,25);
insert into Hunter values(4,'Pitched Pukes',49,'M',2785,193084,NULL);
insert into Team values('Hewn Vails','A',4);
update Hunter set teamName = 'Hewn Vails' where hunterID =4;
insert into MissionHolder_reputation values(9025965,'S');
insert into MissionHolder values(4,75,'Burned Probe',9025965);
insert into Hunter_experience values(9332,100);
insert into Hunter values(5,'Slate Sonde',85,'F',9332,501937,NULL);
insert into MissionHolder_reputation values(2663682,'S');
insert into MissionHolder values(5,37,'Lax Came',2663682);
insert into Hunter_experience values(2774,25);
insert into Hunter values(6,'Miffed Hums',74,'F',2774,571811,NULL);
insert into Team values('Tanked Ukes','B',6);
update Hunter set teamName = 'Tanked Ukes' where hunterID =6;
insert into MissionHolder_reputation values(1074006,'S');
insert into MissionHolder values(6,65,'Checked Veal',1074006);
insert into Hunter_experience values(222,1);
insert into Hunter values(7,'Daft Lusts',51,'F',222,751718,NULL);
insert into MissionHolder_reputation values(3853170,'S');
insert into MissionHolder values(7,25,'Svelte Tew',3853170);
insert into Hunter_experience values(9932,100);
insert into Hunter values(8,'Fat Sums',37,'F',9932,309187,NULL);
insert into Team values('Deaf Twists','B',8);
update Hunter set teamName = 'Deaf Twists' where hunterID =8;
insert into MissionHolder_reputation values(2640994,'S');
insert into MissionHolder values(8,88,'Scalled Lode',2640994);
insert into Hunter_experience values(7854,50);
insert into Hunter values(9,'Dim Wheal',67,'M',7854,624080,NULL);
insert into MissionHolder_reputation values(4457513,'S');
insert into MissionHolder values(9,85,'Proud Verse',4457513);
insert into Hunter_experience values(6835,50);
insert into Hunter values(10,'Bit Jeers',40,'F',6835,570992,NULL);
insert into Team values('Sedged Cloves','S',10);
update Hunter set teamName = 'Sedged Cloves' where hunterID =10;
insert into MissionHolder_reputation values(8011160,'S');
insert into MissionHolder values(10,51,'Vague Brunch',8011160);
insert into Hunter_experience values(2417,10);
insert into Hunter values(11,'Looped Trill',77,'M',2417,63972,NULL);
insert into MissionHolder_reputation values(9955741,'S');
insert into MissionHolder values(11,92,'Scorched Mall',9955741);
insert into Hunter_experience values(1487,10);
insert into Hunter values(12,'Bland Swales',16,'F',1487,105032,NULL);
insert into Team values('Size Auks','A',12);
update Hunter set teamName = 'Size Auks' where hunterID =12;
insert into MissionHolder_reputation values(1117591,'S');
insert into MissionHolder values(12,42,'Fraught Greed',1117591);
insert into Hunter_experience values(5208,50);
insert into Hunter values(13,'Then Pros',81,'F',5208,799852,NULL);
insert into MissionHolder_reputation values(7075445,'S');
insert into MissionHolder values(13,0,'Tops Hike',7075445);
insert into Hunter_experience values(5697,50);
insert into Hunter values(14,'Sheer Gout',16,'F',5697,908362,NULL);
insert into Team values('Lief Hates','C',14);
update Hunter set teamName = 'Lief Hates' where hunterID =14;
insert into MissionHolder_reputation values(466223,'A');
insert into MissionHolder values(14,22,'Keyed Must',466223);
insert into Hunter_experience values(8753,50);
insert into Hunter values(15,'Lax Strafes',16,'F',8753,185952,NULL);
insert into MissionHolder_reputation values(9853119,'S');
insert into MissionHolder values(15,6,'Suave Whacks',9853119);
insert into Hunter_experience values(354,1);
insert into Hunter values(16,'Scaled Lards',40,'M',354,484214,NULL);
insert into Team values('Talc Pubs','S',16);
update Hunter set teamName = 'Talc Pubs' where hunterID =16;
insert into MissionHolder_reputation values(9313165,'S');
insert into MissionHolder values(16,83,'Quack Yapp',9313165);
insert into Hunter_experience values(2770,25);
insert into Hunter values(17,'Cronk Feat',81,'M',2770,356894,NULL);
insert into MissionHolder_reputation values(4297310,'S');
insert into MissionHolder values(17,3,'Touched Blocs',4297310);
insert into Hunter_experience values(9973,100);
insert into Hunter values(18,'Droll Nix',15,'M',9973,637351,NULL);
insert into Team values('Void Scene','C',18);
update Hunter set teamName = 'Void Scene' where hunterID =18;
insert into MissionHolder_reputation values(7788608,'S');
insert into MissionHolder values(18,97,'Treed Cools',7788608);
insert into Hunter_experience values(6647,50);
insert into Hunter values(19,'Worse Mights',18,'F',6647,34266,NULL);
insert into MissionHolder_reputation values(5604004,'S');
insert into MissionHolder values(19,50,'Blunt Saithes',5604004);
insert into Item values(1,1,NULL,'RubyCit','D',24,34);
insert into Item_Name values('RubyCit','Ut sit amet lectus lorem. Proin hendrerit diam et metus eleifend, quis pulvinar ligula rutrum. Aliquam nec vestibulum elit. Aliquam ut vestibulum velit, id venenatis.');
insert into Monster values(1,'GreyJadepanda','PseudTuscan',37,100,'F');
insert into Hunting_missions values(1,NULL,1,858248,14116,'Fusce sed ipsum a dui dapibus dictum luctus eget massa. Nullam sem sem, iaculis id metus ut, pulvinar blandit purus. Nullam tristique nisl eget arcu.','2017-08-11',NULL,NULL,NULL,NULL);
insert into Hunting_missions_difficulty values('S',858248,14116);
insert into MMission_has_Monster values(1,1);
insert into Item_Foraging_Mission values(1,NULL,0,'2017-08-11','Cras scelerisque in elit vel pharetra. Nulla posuere neque metus. In accumsan quis ex a luctus. Curabitur nec varius mi. Donec sit amet est vel.',163949,84396,NULL,NULL,NULL,NULL);
insert into Item_Mission_Difficulty values('A',163949,84396);
insert into IMission_has_Item values(1,1);
insert into Item values(2,2,NULL,'OlivePlait','A',11,14789);
insert into Item_Name values('OlivePlait','Ut sit amet lectus lorem. Proin hendrerit diam et metus eleifend, quis pulvinar ligula rutrum. Aliquam nec vestibulum elit. Aliquam ut vestibulum velit, id venenatis.');
insert into Monster values(2,'TealCrownedpuma','SlubAquamarine',72,100,'T');
insert into Hunting_missions values(2,NULL,2,955879,598347,'Cras scelerisque in elit vel pharetra. Nulla posuere neque metus. In accumsan quis ex a luctus. Curabitur nec varius mi. Donec sit amet est vel.','2017-08-11',NULL,NULL,NULL,NULL);
insert into Hunting_missions_difficulty values('S',955879,598347);
insert into MMission_has_Monster values(2,2);
insert into Item_Foraging_Mission values(2,NULL,1,'2017-08-11','Nulla in eleifend augue. Praesent ultricies dapibus velit, nec volutpat odio semper feugiat. Sed vitae porttitor massa. Integer ac finibus enim. Suspendisse imperdiet sollicitudin ex, aliquam congue mi vestibulum vel. Suspendisse nec tristique mauris. Nunc metus felis, gravida ut faucibus et, bibendum nec nunc. Proin dictum dapibus risus et luctus.',593222,472843,NULL,NULL,NULL,NULL);
insert into Item_Mission_Difficulty values('S',593222,472843);
insert into IMission_has_Item values(2,1);
insert into Item values(3,3,NULL,'MaroonDhak','S',46,507192);
insert into Item_Name values('MaroonDhak','Quisque aliquam magna ac pellentesque aliquet. Ut a magna vitae odio consequat faucibus vitae non felis. Morbi sodales auctor tristique. Nam eu mi quis erat.');
insert into Monster values(3,'BeigeGrumLouse','KeyedGrey',108,100,'T');
insert into Hunting_missions values(3,NULL,3,104613,288620,'Suspendisse porttitor dignissim sem, eu faucibus metus fringilla ut. Fusce massa enim, dictum quis tristique sed, tristique quis enim. In lectus sapien, cursus vel ultrices.','2017-08-11',NULL,NULL,NULL,NULL);
insert into Hunting_missions_difficulty values('A',104613,288620);
insert into MMission_has_Monster values(3,1);
insert into Item_Foraging_Mission values(3,NULL,2,'2017-08-11','Praesent orci tortor, ullamcorper vel nunc non, luctus ultrices turpis. Cras ornare, purus eget suscipit dictum, dui lorem euismod erat, vel malesuada lacus dolor fermentum.',468202,52714,NULL,NULL,NULL,NULL);
insert into Item_Mission_Difficulty values('S',468202,52714);
insert into IMission_has_Item values(3,3);
insert into Item values(4,4,NULL,'GoldStrouds','D',4,71);
insert into Item_Name values('GoldStrouds','Nullam et viverra magna. Aenean semper eget mauris a pulvinar. Vestibulum in commodo est. Aenean fringilla mattis lacinia. Nullam quis accumsan enim, sed dapibus ex. Proin vehicula, ante eu ultricies eleifend, mi felis lobortis massa, ac venenatis orci tellus ut ligula. Duis convallis nisi pretium, venenatis tellus condimentum, facilisis velit.');
insert into Monster values(4,'BlackThinlynx','BlandChartreuse',41,100,'T');
insert into Hunting_missions values(4,NULL,4,788287,544856,'Sed sed eros nec velit ornare euismod id ut dolor. Etiam turpis ligula, viverra eget hendrerit eu, suscipit et urna. Maecenas consequat metus ut odio lobortis tristique. Phasellus tincidunt eros et commodo pulvinar. Nam vel mollis tortor. Suspendisse potenti. Morbi vel rutrum nunc. Vestibulum eget ex eu erat convallis fermentum.','2017-08-11',NULL,NULL,NULL,NULL);
insert into Hunting_missions_difficulty values('S',788287,544856);
insert into MMission_has_Monster values(4,1);
insert into Item_Foraging_Mission values(4,NULL,0,'2017-08-11','Nullam et viverra magna. Aenean semper eget mauris a pulvinar. Vestibulum in commodo est. Aenean fringilla mattis lacinia. Nullam quis accumsan enim, sed dapibus ex. Proin vehicula, ante eu ultricies eleifend, mi felis lobortis massa, ac venenatis orci tellus ut ligula. Duis convallis nisi pretium, venenatis tellus condimentum, facilisis velit.',616699,396075,NULL,NULL,NULL,NULL);
insert into Item_Mission_Difficulty values('A',616699,396075);
insert into IMission_has_Item values(4,2);
insert into Item values(5,5,NULL,'BlueGnaws','A',81,55771);
insert into Item_Name values('BlueGnaws','Sed sed eros nec velit ornare euismod id ut dolor. Etiam turpis ligula, viverra eget hendrerit eu, suscipit et urna. Maecenas consequat metus ut odio lobortis tristique. Phasellus tincidunt eros et commodo pulvinar. Nam vel mollis tortor. Suspendisse potenti. Morbi vel rutrum nunc. Vestibulum eget ex eu erat convallis fermentum.');
insert into Monster values(5,'FuchsiaSmugMoose','ThrawnCyan',143,100,'T');
insert into Hunting_missions values(5,NULL,5,981347,49537,'Fusce sed ipsum a dui dapibus dictum luctus eget massa. Nullam sem sem, iaculis id metus ut, pulvinar blandit purus. Nullam tristique nisl eget arcu.','2017-08-11',NULL,NULL,NULL,NULL);
insert into Hunting_missions_difficulty values('S',981347,49537);
insert into MMission_has_Monster values(5,3);
insert into Item_Foraging_Mission values(5,NULL,4,'2017-08-11','Aenean cursus elit arcu, eget porttitor lacus pharetra sed. Etiam quis tristique urna. Nulla ut orci orci. Curabitur eu justo ut mi placerat rhoncus id.',486118,492065,NULL,NULL,NULL,NULL);
insert into Item_Mission_Difficulty values('A',486118,492065);
insert into IMission_has_Item values(5,1);
insert into Item values(6,6,NULL,'AuburnSquawks','D',38,678);
insert into Item_Name values('AuburnSquawks','Fusce sed ipsum a dui dapibus dictum luctus eget massa. Nullam sem sem, iaculis id metus ut, pulvinar blandit purus. Nullam tristique nisl eget arcu.');
insert into Monster values(6,'CherryMatteGoshawk','BurnedIndigo',60,100,'F');
insert into Hunting_missions values(6,NULL,6,934150,357259,'Ut sit amet lectus lorem. Proin hendrerit diam et metus eleifend, quis pulvinar ligula rutrum. Aliquam nec vestibulum elit. Aliquam ut vestibulum velit, id venenatis.','2017-08-11',NULL,NULL,NULL,NULL);
insert into Hunting_missions_difficulty values('S',934150,357259);
insert into MMission_has_Monster values(6,1);
insert into Item_Foraging_Mission values(6,NULL,4,'2017-08-11','Ut sit amet lectus lorem. Proin hendrerit diam et metus eleifend, quis pulvinar ligula rutrum. Aliquam nec vestibulum elit. Aliquam ut vestibulum velit, id venenatis.',834546,249069,NULL,NULL,NULL,NULL);
insert into Item_Mission_Difficulty values('A',834546,249069);
insert into IMission_has_Item values(6,5);
insert into Item values(7,7,NULL,'IvorySlats','S',68,475551);
insert into Item_Name values('IvorySlats','Suspendisse porttitor dignissim sem, eu faucibus metus fringilla ut. Fusce massa enim, dictum quis tristique sed, tristique quis enim. In lectus sapien, cursus vel ultrices.');
insert into Monster values(7,'YellowSchlockMallard','HoggedOnyx',19,100,'F');
insert into Hunting_missions values(7,NULL,7,471589,373242,'Vestibulum nec egestas lorem. Phasellus euismod neque ut vehicula lobortis. Nulla posuere euismod dignissim. Donec vel eros pellentesque, fermentum arcu id, mollis dui. Sed libero.','2017-08-11',NULL,NULL,NULL,NULL);
insert into Hunting_missions_difficulty values('A',471589,373242);
insert into MMission_has_Monster values(7,5);
insert into Item_Foraging_Mission values(7,NULL,1,'2017-08-11','Cras scelerisque in elit vel pharetra. Nulla posuere neque metus. In accumsan quis ex a luctus. Curabitur nec varius mi. Donec sit amet est vel.',93908,200224,NULL,NULL,NULL,NULL);
insert into Item_Mission_Difficulty values('A',93908,200224);
insert into IMission_has_Item values(7,3);
insert into Item values(8,8,NULL,'AuburnTores','C',60,632);
insert into Item_Name values('AuburnTores','Nulla eget faucibus ipsum. Curabitur vehicula feugiat magna, ac vehicula leo mattis at. Sed sapien ipsum, vehicula at lectus id, viverra ullamcorper erat. Nam sit.');
insert into Monster values(8,'IvoryCoursedEmu','ScorchedIndigo',19,100,'F');
insert into Hunting_missions values(8,NULL,8,301148,236810,'Sed sed eros nec velit ornare euismod id ut dolor. Etiam turpis ligula, viverra eget hendrerit eu, suscipit et urna. Maecenas consequat metus ut odio lobortis tristique. Phasellus tincidunt eros et commodo pulvinar. Nam vel mollis tortor. Suspendisse potenti. Morbi vel rutrum nunc. Vestibulum eget ex eu erat convallis fermentum.','2017-08-11',NULL,NULL,NULL,NULL);
insert into Hunting_missions_difficulty values('A',301148,236810);
insert into MMission_has_Monster values(8,2);
insert into Item_Foraging_Mission values(8,NULL,1,'2017-08-11','Aenean cursus elit arcu, eget porttitor lacus pharetra sed. Etiam quis tristique urna. Nulla ut orci orci. Curabitur eu justo ut mi placerat rhoncus id.',574936,241276,NULL,NULL,NULL,NULL);
insert into Item_Mission_Difficulty values('S',574936,241276);
insert into IMission_has_Item values(8,6);
insert into Item values(9,9,NULL,'RedLakhs','D',44,514);
insert into Item_Name values('RedLakhs','Cras facilisis, ligula quis tempor finibus, erat ex pharetra metus, eu blandit ligula magna eu sem. Mauris imperdiet mauris tellus, nec vestibulum justo hendrerit eu. Nulla luctus erat in est tempus luctus. Praesent in elit ex. Pellentesque mattis justo vel ipsum molestie, eu aliquet neque finibus. Donec malesuada risus id.');
insert into Monster values(9,'PinkGlegbird','MiffedIndigo',82,100,'T');
insert into Hunting_missions values(9,NULL,9,841615,332113,'Integer turpis arcu, ultricies pulvinar metus at, ultricies commodo purus. Duis in enim semper tortor sagittis egestas. Phasellus rhoncus vel nisl sit amet gravida. Donec.','2017-08-11',NULL,NULL,NULL,NULL);
insert into Hunting_missions_difficulty values('S',841615,332113);
insert into MMission_has_Monster values(9,6);
insert into Item_Foraging_Mission values(9,NULL,7,'2017-08-11','Suspendisse porttitor dignissim sem, eu faucibus metus fringilla ut. Fusce massa enim, dictum quis tristique sed, tristique quis enim. In lectus sapien, cursus vel ultrices.',242612,460095,NULL,NULL,NULL,NULL);
insert into Item_Mission_Difficulty values('A',242612,460095);
insert into IMission_has_Item values(9,5);
insert into Item values(10,10,NULL,'TealSpivs','B',1,1855);
insert into Item_Name values('TealSpivs','Pellentesque habitant morbi tristique senectus et netus et malesuada fames ac turpis egestas. Nullam eget ullamcorper arcu. Curabitur dictum nisl condimentum mauris semper, et scelerisque.');
insert into Monster values(10,'VanillaBarbedBarracuda','GlegPeach',78,100,'T');
insert into Hunting_missions values(10,NULL,10,808686,471820,'Suspendisse porttitor dignissim sem, eu faucibus metus fringilla ut. Fusce massa enim, dictum quis tristique sed, tristique quis enim. In lectus sapien, cursus vel ultrices.','2017-08-11',NULL,NULL,NULL,NULL);
insert into Hunting_missions_difficulty values('S',808686,471820);
insert into MMission_has_Monster values(10,6);
insert into Item_Foraging_Mission values(10,NULL,0,'2017-08-11','Suspendisse porttitor dignissim sem, eu faucibus metus fringilla ut. Fusce massa enim, dictum quis tristique sed, tristique quis enim. In lectus sapien, cursus vel ultrices.',396202,192456,NULL,NULL,NULL,NULL);
insert into Item_Mission_Difficulty values('A',396202,192456);
insert into IMission_has_Item values(10,9);
insert into Item values(11,11,NULL,'CopperTai','E',51,627);
insert into Item_Name values('CopperTai','Nulla in eleifend augue. Praesent ultricies dapibus velit, nec volutpat odio semper feugiat. Sed vitae porttitor massa. Integer ac finibus enim. Suspendisse imperdiet sollicitudin ex, aliquam congue mi vestibulum vel. Suspendisse nec tristique mauris. Nunc metus felis, gravida ut faucibus et, bibendum nec nunc. Proin dictum dapibus risus et luctus.');
insert into Monster values(11,'TuscanBriefgoldfish','VileWhite',146,100,'F');
insert into Hunting_missions values(11,NULL,11,613054,317238,'Cras scelerisque in elit vel pharetra. Nulla posuere neque metus. In accumsan quis ex a luctus. Curabitur nec varius mi. Donec sit amet est vel.','2017-08-11',NULL,NULL,NULL,NULL);
insert into Hunting_missions_difficulty values('S',613054,317238);
insert into MMission_has_Monster values(11,7);
insert into Item_Foraging_Mission values(11,NULL,3,'2017-08-11','Fusce sed ipsum a dui dapibus dictum luctus eget massa. Nullam sem sem, iaculis id metus ut, pulvinar blandit purus. Nullam tristique nisl eget arcu.',203721,492995,NULL,NULL,NULL,NULL);
insert into Item_Mission_Difficulty values('S',203721,492995);
insert into IMission_has_Item values(11,7);
insert into Item values(12,12,NULL,'BlueTum','C',72,604);
insert into Item_Name values('BlueTum','Fusce sed ipsum a dui dapibus dictum luctus eget massa. Nullam sem sem, iaculis id metus ut, pulvinar blandit purus. Nullam tristique nisl eget arcu.');
insert into Monster values(12,'PinkYauldBarracuda','SnodViolet',75,100,'F');
insert into Hunting_missions values(12,NULL,12,423297,209380,'Praesent orci tortor, ullamcorper vel nunc non, luctus ultrices turpis. Cras ornare, purus eget suscipit dictum, dui lorem euismod erat, vel malesuada lacus dolor fermentum.','2017-08-11',NULL,NULL,NULL,NULL);
insert into Hunting_missions_difficulty values('S',423297,209380);
insert into MMission_has_Monster values(12,10);
insert into Item_Foraging_Mission values(12,NULL,1,'2017-08-11','Cras scelerisque in elit vel pharetra. Nulla posuere neque metus. In accumsan quis ex a luctus. Curabitur nec varius mi. Donec sit amet est vel.',797547,488311,NULL,NULL,NULL,NULL);
insert into Item_Mission_Difficulty values('A',797547,488311);
insert into IMission_has_Item values(12,3);
insert into Item values(13,13,NULL,'TealScar','C',0,772);
insert into Item_Name values('TealScar','Integer turpis arcu, ultricies pulvinar metus at, ultricies commodo purus. Duis in enim semper tortor sagittis egestas. Phasellus rhoncus vel nisl sit amet gravida. Donec.');
insert into Monster values(13,'TuscanWheeledWasp','ShodLavender',140,100,'T');
insert into Hunting_missions values(13,NULL,13,113955,211183,'Nulla eget faucibus ipsum. Curabitur vehicula feugiat magna, ac vehicula leo mattis at. Sed sapien ipsum, vehicula at lectus id, viverra ullamcorper erat. Nam sit.','2017-08-11',NULL,NULL,NULL,NULL);
insert into Hunting_missions_difficulty values('A',113955,211183);
insert into MMission_has_Monster values(13,1);
insert into Item_Foraging_Mission values(13,NULL,12,'2017-08-11','Pellentesque habitant morbi tristique senectus et netus et malesuada fames ac turpis egestas. Nullam eget ullamcorper arcu. Curabitur dictum nisl condimentum mauris semper, et scelerisque.',720480,463560,NULL,NULL,NULL,NULL);
insert into Item_Mission_Difficulty values('S',720480,463560);
insert into IMission_has_Item values(13,6);
insert into Item values(14,14,NULL,'OnyxNaves','E',49,904);
insert into Item_Name values('OnyxNaves','Fusce sed ipsum a dui dapibus dictum luctus eget massa. Nullam sem sem, iaculis id metus ut, pulvinar blandit purus. Nullam tristique nisl eget arcu.');
insert into Monster values(14,'MaroonSoothshark','FurredRose',19,100,'T');
insert into Hunting_missions values(14,NULL,14,730142,47355,'Praesent orci tortor, ullamcorper vel nunc non, luctus ultrices turpis. Cras ornare, purus eget suscipit dictum, dui lorem euismod erat, vel malesuada lacus dolor fermentum.','2017-08-11',NULL,NULL,NULL,NULL);
insert into Hunting_missions_difficulty values('S',730142,47355);
insert into MMission_has_Monster values(14,5);
insert into Item_Foraging_Mission values(14,NULL,9,'2017-08-11','Praesent orci tortor, ullamcorper vel nunc non, luctus ultrices turpis. Cras ornare, purus eget suscipit dictum, dui lorem euismod erat, vel malesuada lacus dolor fermentum.',496860,266638,NULL,NULL,NULL,NULL);
insert into Item_Mission_Difficulty values('A',496860,266638);
insert into IMission_has_Item values(14,2);
