insert into Hunter_experience values(1499,10);
insert into Hunter values(0,'Incog Heists',61,'F',1499,934216,NULL);
insert into MissionHolder_reputation values(7242521,'S');
insert into MissionHolder values(0,71,'Gummed Coif',7242521);
insert into Hunter_experience values(4561,25);
insert into Hunter values(1,'Tierced Charms',35,'F',4561,839719,NULL);
insert into MissionHolder_reputation values(2393270,'S');
insert into MissionHolder values(1,78,'Forced Clench',2393270);
insert into Hunter_experience values(7418,50);
insert into Hunter values(2,'Bound Jests',80,'M',7418,269448,NULL);
insert into MissionHolder_reputation values(1813618,'S');
insert into MissionHolder values(2,81,'Arch Squads',1813618);
insert into Hunter_experience values(8382,50);
insert into Hunter values(3,'Waur Wuss',28,'F',8382,172413,NULL);
insert into MissionHolder_reputation values(6194383,'S');
insert into MissionHolder values(3,61,'Luxe Whirr',6194383);
insert into Hunter_experience values(7807,50);
insert into Hunter values(4,'Kraal Choom',22,'F',7807,95985,NULL);
insert into MissionHolder_reputation values(427803,'A');
insert into MissionHolder values(4,82,'Dense Plat',427803);
insert into Hunter_experience values(9177,100);
insert into Hunter values(5,'Sere Lung',72,'F',9177,667413,NULL);
insert into MissionHolder_reputation values(1188023,'S');
insert into MissionHolder values(5,90,'Foiled Crocks',1188023);
insert into Hunter_experience values(6243,50);
insert into Hunter values(6,'Chance Wipe',53,'M',6243,220202,NULL);
insert into MissionHolder_reputation values(4538627,'S');
insert into MissionHolder values(6,4,'Used Pups',4538627);
insert into Hunter_experience values(1923,10);
insert into Hunter values(7,'Domed Shrews',52,'M',1923,159567,NULL);
insert into MissionHolder_reputation values(4956932,'S');
insert into MissionHolder values(7,46,'Trussed Mils',4956932);
insert into Hunter_experience values(6184,50);
insert into Hunter values(8,'Licht Wean',17,'M',6184,723316,NULL);
insert into MissionHolder_reputation values(1426547,'S');
insert into MissionHolder values(8,70,'Crank Torcs',1426547);
insert into Hunter_experience values(3088,25);
insert into Hunter values(9,'Blamed Smatch',71,'M',3088,633700,NULL);
insert into MissionHolder_reputation values(8948247,'S');
insert into MissionHolder values(9,71,'Quit Wham',8948247);
insert into Hunter_experience values(2169,10);
insert into Hunter values(10,'Crude Volt',58,'M',2169,984770,NULL);
insert into MissionHolder_reputation values(6401307,'S');
insert into MissionHolder values(10,55,'Frail Trysts',6401307);
insert into Hunter_experience values(4286,25);
insert into Hunter values(11,'Perk Sprats',82,'F',4286,512884,NULL);
insert into MissionHolder_reputation values(662443,'S');
insert into MissionHolder values(11,22,'Grum Skirts',662443);
insert into Hunter_experience values(6169,50);
insert into Hunter values(12,'Grooved Whelps',70,'F',6169,523908,NULL);
insert into MissionHolder_reputation values(6875931,'S');
insert into MissionHolder values(12,43,'Hewn Tench',6875931);
insert into Hunter_experience values(1324,10);
insert into Hunter values(13,'Hep Vain',44,'F',1324,968653,NULL);
insert into MissionHolder_reputation values(2424250,'S');
insert into MissionHolder values(13,99,'Chirk Snoods',2424250);
insert into Hunter_experience values(9640,100);
insert into Hunter values(14,'Whelked Ngwee',97,'M',9640,303685,NULL);
insert into MissionHolder_reputation values(429569,'A');
insert into MissionHolder values(14,19,'Gruff Tuts',429569);
insert into Hunter_experience values(8912,50);
insert into Hunter values(15,'Rare Jinns',27,'M',8912,725529,NULL);
insert into MissionHolder_reputation values(9117546,'S');
insert into MissionHolder values(15,30,'Nett Abbs',9117546);
insert into Hunter_experience values(7994,50);
insert into Hunter values(16,'Plump Aches',97,'M',7994,748191,NULL);
insert into MissionHolder_reputation values(9299660,'S');
insert into MissionHolder values(16,5,'Schlock Pouts',9299660);
insert into Hunter_experience values(6577,50);
insert into Hunter values(17,'Sly Skeins',28,'M',6577,442874,NULL);
insert into MissionHolder_reputation values(6421808,'S');
insert into MissionHolder values(17,31,'Lame Spelt',6421808);
insert into Hunter_experience values(5525,50);
insert into Hunter values(18,'Skeigh Strafe',69,'F',5525,855538,NULL);
insert into MissionHolder_reputation values(2857058,'S');
insert into MissionHolder values(18,35,'Poised Flunk',2857058);
insert into Hunter_experience values(823,1);
insert into Hunter values(19,'Elect Elds',89,'M',823,99648,NULL);
insert into MissionHolder_reputation values(1731678,'S');
insert into MissionHolder values(19,17,'Vile Ginks',1731678);
insert into Item values(1,1,NULL,'RoseSkelf','D',12,143);
insert into Item_Name values('RoseSkelf','Nulla eget faucibus ipsum. Curabitur vehicula feugiat magna, ac vehicula leo mattis at. Sed sapien ipsum, vehicula at lectus id, viverra ullamcorper erat. Nam sit.');
insert into Monster values(1,'WhiteHippedVicuña','HepSalmon',56,100,'T');
insert into Hunting_missions values(1,NULL,NULL,1,641849,384730,'Praesent orci tortor, ullamcorper vel nunc non, luctus ultrices turpis. Cras ornare, purus eget suscipit dictum, dui lorem euismod erat, vel malesuada lacus dolor fermentum.','2017-08-11',NULL,'2017-04-20',NULL,NULL);
insert into Hunting_missions_difficulty values('S',641849,384730);
insert into MMission_has_Monster values(1,1);
insert into Item_Foraging_Mission values(1,NULL,NULL,0,110339,558954,'Quisque aliquam magna ac pellentesque aliquet. Ut a magna vitae odio consequat faucibus vitae non felis. Morbi sodales auctor tristique. Nam eu mi quis erat.','2017-08-11',NULL,'2017-04-20',NULL,NULL);
insert into Item_Mission_Difficulty values('S',110339,558954);
insert into IMission_has_Item values(1,1);
insert into Item values(2,2,NULL,'GreenMaim','S',79,237849);
insert into Item_Name values('GreenMaim','Cras scelerisque in elit vel pharetra. Nulla posuere neque metus. In accumsan quis ex a luctus. Curabitur nec varius mi. Donec sit amet est vel.');
insert into Monster values(2,'TealOaredLeopard','WedgedPlum',58,100,'F');
insert into Team values('Brisk Tress','A',2);
update Hunter set teamName = 'Brisk Tress' where hunterID =2;
insert into Hunting_missions values(2,NULL,'Brisk Tress',2,974519,76152,'Fusce sed ipsum a dui dapibus dictum luctus eget massa. Nullam sem sem, iaculis id metus ut, pulvinar blandit purus. Nullam tristique nisl eget arcu.','2017-08-11',NULL,'2017-04-20',NULL,NULL);
insert into Hunting_missions_difficulty values('S',974519,76152);
insert into MMission_has_Monster values(2,2);
insert into Item_Foraging_Mission values(2,NULL,'Brisk Tress',0,390806,120440,'Integer turpis arcu, ultricies pulvinar metus at, ultricies commodo purus. Duis in enim semper tortor sagittis egestas. Phasellus rhoncus vel nisl sit amet gravida. Donec.','2017-08-11',NULL,'2017-04-20',NULL,NULL);
insert into Item_Mission_Difficulty values('A',390806,120440);
insert into IMission_has_Item values(2,2);
insert into Item values(3,3,NULL,'FuchsiaCull','C',7,760);
insert into Item_Name values('FuchsiaCull','Cras facilisis, ligula quis tempor finibus, erat ex pharetra metus, eu blandit ligula magna eu sem. Mauris imperdiet mauris tellus, nec vestibulum justo hendrerit eu. Nulla luctus erat in est tempus luctus. Praesent in elit ex. Pellentesque mattis justo vel ipsum molestie, eu aliquet neque finibus. Donec malesuada risus id.');
insert into Monster values(3,'PersimmonTrussedRook','MarledFuchsia',52,100,'F');
insert into Hunting_missions values(3,NULL,NULL,3,368448,589593,'Integer turpis arcu, ultricies pulvinar metus at, ultricies commodo purus. Duis in enim semper tortor sagittis egestas. Phasellus rhoncus vel nisl sit amet gravida. Donec.','2017-08-11',NULL,'2017-04-20',NULL,NULL);
insert into Hunting_missions_difficulty values('S',368448,589593);
insert into MMission_has_Monster values(3,2);
insert into Item_Foraging_Mission values(3,NULL,NULL,2,396863,126458,'Pellentesque habitant morbi tristique senectus et netus et malesuada fames ac turpis egestas. Nullam eget ullamcorper arcu. Curabitur dictum nisl condimentum mauris semper, et scelerisque.','2017-08-11',NULL,'2017-04-20',NULL,NULL);
insert into Item_Mission_Difficulty values('S',396863,126458);
insert into IMission_has_Item values(3,1);
insert into Item values(4,4,NULL,'AuburnGout','A',1,48524);
insert into Item_Name values('AuburnGout','Vestibulum nec egestas lorem. Phasellus euismod neque ut vehicula lobortis. Nulla posuere euismod dignissim. Donec vel eros pellentesque, fermentum arcu id, mollis dui. Sed libero.');
insert into Monster values(4,'TuscanDernbull','ForcedAmber',22,100,'F');
insert into Team values('Slant Sprite','A',4);
update Hunter set teamName = 'Slant Sprite' where hunterID =4;
insert into Hunting_missions values(4,NULL,'Slant Sprite',4,993798,441082,'Vestibulum nec egestas lorem. Phasellus euismod neque ut vehicula lobortis. Nulla posuere euismod dignissim. Donec vel eros pellentesque, fermentum arcu id, mollis dui. Sed libero.','2017-08-11',NULL,'2017-04-20',NULL,NULL);
insert into Hunting_missions_difficulty values('S',993798,441082);
insert into MMission_has_Monster values(4,2);
insert into Item_Foraging_Mission values(4,NULL,'Slant Sprite',3,353562,80405,'Integer turpis arcu, ultricies pulvinar metus at, ultricies commodo purus. Duis in enim semper tortor sagittis egestas. Phasellus rhoncus vel nisl sit amet gravida. Donec.','2017-08-11',NULL,'2017-04-20',NULL,NULL);
insert into Item_Mission_Difficulty values('C',353562,80405);
insert into IMission_has_Item values(4,4);
insert into Item values(5,5,NULL,'TurquoiseCarp','A',78,39054);
insert into Item_Name values('TurquoiseCarp','Suspendisse porttitor dignissim sem, eu faucibus metus fringilla ut. Fusce massa enim, dictum quis tristique sed, tristique quis enim. In lectus sapien, cursus vel ultrices.');
insert into Monster values(5,'PlumBlowzedGoldfinch','LimbedIndigo',125,100,'T');
insert into Hunting_missions values(5,NULL,NULL,5,514016,599591,'Aenean cursus elit arcu, eget porttitor lacus pharetra sed. Etiam quis tristique urna. Nulla ut orci orci. Curabitur eu justo ut mi placerat rhoncus id.','2017-08-11',NULL,'2017-04-20',NULL,NULL);
insert into Hunting_missions_difficulty values('S',514016,599591);
insert into MMission_has_Monster values(5,2);
insert into Item_Foraging_Mission values(5,NULL,NULL,1,29118,432619,'Integer turpis arcu, ultricies pulvinar metus at, ultricies commodo purus. Duis in enim semper tortor sagittis egestas. Phasellus rhoncus vel nisl sit amet gravida. Donec.','2017-08-11',NULL,'2017-04-20',NULL,NULL);
insert into Item_Mission_Difficulty values('C',29118,432619);
insert into IMission_has_Item values(5,4);
insert into Item values(6,6,NULL,'BeigePlaque','D',67,340);
insert into Item_Name values('BeigePlaque','Cras scelerisque in elit vel pharetra. Nulla posuere neque metus. In accumsan quis ex a luctus. Curabitur nec varius mi. Donec sit amet est vel.');
insert into Monster values(6,'MagentaBentKudu','GhastLime',41,100,'T');
insert into Team values('Skint Baas','A',6);
update Hunter set teamName = 'Skint Baas' where hunterID =6;
insert into Hunting_missions values(6,NULL,'Skint Baas',6,472035,511329,'Nulla in eleifend augue. Praesent ultricies dapibus velit, nec volutpat odio semper feugiat. Sed vitae porttitor massa. Integer ac finibus enim. Suspendisse imperdiet sollicitudin ex, aliquam congue mi vestibulum vel. Suspendisse nec tristique mauris. Nunc metus felis, gravida ut faucibus et, bibendum nec nunc. Proin dictum dapibus risus et luctus.','2017-08-11',NULL,'2017-04-20',NULL,NULL);
insert into Hunting_missions_difficulty values('S',472035,511329);
insert into MMission_has_Monster values(6,2);
insert into Item_Foraging_Mission values(6,NULL,'Skint Baas',4,537265,434156,'Cras facilisis, ligula quis tempor finibus, erat ex pharetra metus, eu blandit ligula magna eu sem. Mauris imperdiet mauris tellus, nec vestibulum justo hendrerit eu. Nulla luctus erat in est tempus luctus. Praesent in elit ex. Pellentesque mattis justo vel ipsum molestie, eu aliquet neque finibus. Donec malesuada risus id.','2017-08-11',NULL,'2017-04-20',NULL,NULL);
insert into Item_Mission_Difficulty values('S',537265,434156);
insert into IMission_has_Item values(6,5);
insert into Item values(7,7,NULL,'TuscanToiles','D',46,481);
insert into Item_Name values('TuscanToiles','Pellentesque habitant morbi tristique senectus et netus et malesuada fames ac turpis egestas. Nullam eget ullamcorper arcu. Curabitur dictum nisl condimentum mauris semper, et scelerisque.');
insert into Monster values(7,'SapphireSpurredotter','OverPearl',33,100,'F');
insert into Hunting_missions values(7,NULL,NULL,7,307235,420889,'Nulla eget faucibus ipsum. Curabitur vehicula feugiat magna, ac vehicula leo mattis at. Sed sapien ipsum, vehicula at lectus id, viverra ullamcorper erat. Nam sit.','2017-08-11',NULL,'2017-04-20',NULL,NULL);
insert into Hunting_missions_difficulty values('S',307235,420889);
insert into MMission_has_Monster values(7,6);
insert into Item_Foraging_Mission values(7,NULL,NULL,2,991487,547603,'Nullam et viverra magna. Aenean semper eget mauris a pulvinar. Vestibulum in commodo est. Aenean fringilla mattis lacinia. Nullam quis accumsan enim, sed dapibus ex. Proin vehicula, ante eu ultricies eleifend, mi felis lobortis massa, ac venenatis orci tellus ut ligula. Duis convallis nisi pretium, venenatis tellus condimentum, facilisis velit.','2017-08-11',NULL,'2017-04-20',NULL,NULL);
insert into Item_Mission_Difficulty values('A',991487,547603);
insert into IMission_has_Item values(7,4);
insert into Item values(8,8,NULL,'TealWeal','D',77,853);
insert into Item_Name values('TealWeal','Cras scelerisque in elit vel pharetra. Nulla posuere neque metus. In accumsan quis ex a luctus. Curabitur nec varius mi. Donec sit amet est vel.');
insert into Monster values(8,'RedDriedlizard','LaxTurquoise',11,100,'F');
insert into Team values('Puir Trulls','D',8);
update Hunter set teamName = 'Puir Trulls' where hunterID =8;
insert into Hunting_missions values(8,NULL,'Puir Trulls',8,42508,349518,'Fusce sed ipsum a dui dapibus dictum luctus eget massa. Nullam sem sem, iaculis id metus ut, pulvinar blandit purus. Nullam tristique nisl eget arcu.','2017-08-11',NULL,'2017-04-20',NULL,NULL);
insert into Hunting_missions_difficulty values('E',42508,349518);
insert into MMission_has_Monster values(8,7);
insert into Item_Foraging_Mission values(8,NULL,'Puir Trulls',7,297855,141654,'Nulla eget faucibus ipsum. Curabitur vehicula feugiat magna, ac vehicula leo mattis at. Sed sapien ipsum, vehicula at lectus id, viverra ullamcorper erat. Nam sit.','2017-08-11',NULL,'2017-04-20',NULL,NULL);
insert into Item_Mission_Difficulty values('B',297855,141654);
insert into IMission_has_Item values(8,7);
insert into Item values(9,9,NULL,'BronzeTroupe','D',1,75);
insert into Item_Name values('BronzeTroupe','Fusce sed ipsum a dui dapibus dictum luctus eget massa. Nullam sem sem, iaculis id metus ut, pulvinar blandit purus. Nullam tristique nisl eget arcu.');
insert into Monster values(9,'LavenderShedChicken','StuffedTurquoise',89,100,'T');
insert into Hunting_missions values(9,NULL,NULL,9,115837,468852,'Vestibulum nec egestas lorem. Phasellus euismod neque ut vehicula lobortis. Nulla posuere euismod dignissim. Donec vel eros pellentesque, fermentum arcu id, mollis dui. Sed libero.','2017-08-11',NULL,'2017-04-20',NULL,NULL);
insert into Hunting_missions_difficulty values('S',115837,468852);
insert into MMission_has_Monster values(9,8);
insert into Item_Foraging_Mission values(9,NULL,NULL,7,498077,447452,'Cras facilisis, ligula quis tempor finibus, erat ex pharetra metus, eu blandit ligula magna eu sem. Mauris imperdiet mauris tellus, nec vestibulum justo hendrerit eu. Nulla luctus erat in est tempus luctus. Praesent in elit ex. Pellentesque mattis justo vel ipsum molestie, eu aliquet neque finibus. Donec malesuada risus id.','2017-08-11',NULL,'2017-04-20',NULL,NULL);
insert into Item_Mission_Difficulty values('S',498077,447452);
insert into IMission_has_Item values(9,2);
insert into Item values(10,10,NULL,'CherryThong','S',62,118849);
insert into Item_Name values('CherryThong','Quisque aliquam magna ac pellentesque aliquet. Ut a magna vitae odio consequat faucibus vitae non felis. Morbi sodales auctor tristique. Nam eu mi quis erat.');
insert into Monster values(10,'IndigoFondMosquito','RatheMaroon',124,100,'F');
insert into Team values('Funked Ginks','A',10);
update Hunter set teamName = 'Funked Ginks' where hunterID =10;
insert into Hunting_missions values(10,NULL,'Funked Ginks',10,3450,511511,'Sed sed eros nec velit ornare euismod id ut dolor. Etiam turpis ligula, viverra eget hendrerit eu, suscipit et urna. Maecenas consequat metus ut odio lobortis tristique. Phasellus tincidunt eros et commodo pulvinar. Nam vel mollis tortor. Suspendisse potenti. Morbi vel rutrum nunc. Vestibulum eget ex eu erat convallis fermentum.','2017-08-11',NULL,'2017-04-20',NULL,NULL);
insert into Hunting_missions_difficulty values('S',3450,511511);
insert into MMission_has_Monster values(10,1);
insert into Item_Foraging_Mission values(10,NULL,'Funked Ginks',5,160355,312726,'Ut sit amet lectus lorem. Proin hendrerit diam et metus eleifend, quis pulvinar ligula rutrum. Aliquam nec vestibulum elit. Aliquam ut vestibulum velit, id venenatis.','2017-08-11',NULL,'2017-04-20',NULL,NULL);
insert into Item_Mission_Difficulty values('C',160355,312726);
insert into IMission_has_Item values(10,9);
insert into Item values(11,11,NULL,'CopperMows','C',10,842);
insert into Item_Name values('CopperMows','Cras facilisis, ligula quis tempor finibus, erat ex pharetra metus, eu blandit ligula magna eu sem. Mauris imperdiet mauris tellus, nec vestibulum justo hendrerit eu. Nulla luctus erat in est tempus luctus. Praesent in elit ex. Pellentesque mattis justo vel ipsum molestie, eu aliquet neque finibus. Donec malesuada risus id.');
insert into Monster values(11,'BlueDureClam','ProneGreen',18,100,'T');
insert into Hunting_missions values(11,NULL,NULL,11,447672,175839,'Sed sed eros nec velit ornare euismod id ut dolor. Etiam turpis ligula, viverra eget hendrerit eu, suscipit et urna. Maecenas consequat metus ut odio lobortis tristique. Phasellus tincidunt eros et commodo pulvinar. Nam vel mollis tortor. Suspendisse potenti. Morbi vel rutrum nunc. Vestibulum eget ex eu erat convallis fermentum.','2017-08-11',NULL,'2017-04-20',NULL,NULL);
insert into Hunting_missions_difficulty values('A',447672,175839);
insert into MMission_has_Monster values(11,5);
insert into Item_Foraging_Mission values(11,NULL,NULL,0,27093,509002,'Cras scelerisque in elit vel pharetra. Nulla posuere neque metus. In accumsan quis ex a luctus. Curabitur nec varius mi. Donec sit amet est vel.','2017-08-11',NULL,'2017-04-20',NULL,NULL);
insert into Item_Mission_Difficulty values('A',27093,509002);
insert into IMission_has_Item values(11,6);
insert into Item values(12,12,NULL,'CopperPrawns','E',7,869);
insert into Item_Name values('CopperPrawns','Aenean cursus elit arcu, eget porttitor lacus pharetra sed. Etiam quis tristique urna. Nulla ut orci orci. Curabitur eu justo ut mi placerat rhoncus id.');
insert into Monster values(12,'LimePassedSalamander','LiefBlack',75,100,'F');
insert into Team values('Sixth Mold','B',12);
update Hunter set teamName = 'Sixth Mold' where hunterID =12;
insert into Hunting_missions values(12,NULL,'Sixth Mold',12,722821,223405,'Nullam et viverra magna. Aenean semper eget mauris a pulvinar. Vestibulum in commodo est. Aenean fringilla mattis lacinia. Nullam quis accumsan enim, sed dapibus ex. Proin vehicula, ante eu ultricies eleifend, mi felis lobortis massa, ac venenatis orci tellus ut ligula. Duis convallis nisi pretium, venenatis tellus condimentum, facilisis velit.','2017-08-11',NULL,'2017-04-20',NULL,NULL);
insert into Hunting_missions_difficulty values('A',722821,223405);
insert into MMission_has_Monster values(12,8);
insert into Item_Foraging_Mission values(12,NULL,'Sixth Mold',0,412973,154384,'Cras facilisis, ligula quis tempor finibus, erat ex pharetra metus, eu blandit ligula magna eu sem. Mauris imperdiet mauris tellus, nec vestibulum justo hendrerit eu. Nulla luctus erat in est tempus luctus. Praesent in elit ex. Pellentesque mattis justo vel ipsum molestie, eu aliquet neque finibus. Donec malesuada risus id.','2017-08-11',NULL,'2017-04-20',NULL,NULL);
insert into Item_Mission_Difficulty values('S',412973,154384);
insert into IMission_has_Item values(12,10);
insert into Item values(13,13,NULL,'PlumBraves','B',84,6732);
insert into Item_Name values('PlumBraves','Vestibulum nec egestas lorem. Phasellus euismod neque ut vehicula lobortis. Nulla posuere euismod dignissim. Donec vel eros pellentesque, fermentum arcu id, mollis dui. Sed libero.');
insert into Monster values(13,'BeigeFremdAntelope','FierceIvory',17,100,'T');
insert into Hunting_missions values(13,NULL,NULL,13,611981,161652,'Suspendisse porttitor dignissim sem, eu faucibus metus fringilla ut. Fusce massa enim, dictum quis tristique sed, tristique quis enim. In lectus sapien, cursus vel ultrices.','2017-08-11',NULL,'2017-04-20',NULL,NULL);
insert into Hunting_missions_difficulty values('S',611981,161652);
insert into MMission_has_Monster values(13,5);
insert into Item_Foraging_Mission values(13,NULL,NULL,12,173753,309841,'Vestibulum nec egestas lorem. Phasellus euismod neque ut vehicula lobortis. Nulla posuere euismod dignissim. Donec vel eros pellentesque, fermentum arcu id, mollis dui. Sed libero.','2017-08-11',NULL,'2017-04-20',NULL,NULL);
insert into Item_Mission_Difficulty values('A',173753,309841);
insert into IMission_has_Item values(13,6);
insert into Item values(14,14,NULL,'OnyxBroghs','C',13,548);
insert into Item_Name values('OnyxBroghs','Praesent orci tortor, ullamcorper vel nunc non, luctus ultrices turpis. Cras ornare, purus eget suscipit dictum, dui lorem euismod erat, vel malesuada lacus dolor fermentum.');
insert into Monster values(14,'BeigeDashgoose','PunkIndigo',76,100,'T');
insert into Team values('Gauge Cento','B',14);
update Hunter set teamName = 'Gauge Cento' where hunterID =14;
insert into Hunting_missions values(14,NULL,'Gauge Cento',14,773057,373813,'Praesent orci tortor, ullamcorper vel nunc non, luctus ultrices turpis. Cras ornare, purus eget suscipit dictum, dui lorem euismod erat, vel malesuada lacus dolor fermentum.','2017-08-11',NULL,'2017-04-20',NULL,NULL);
insert into Hunting_missions_difficulty values('S',773057,373813);
insert into MMission_has_Monster values(14,11);
insert into Item_Foraging_Mission values(14,NULL,'Gauge Cento',3,269076,232726,'Aenean cursus elit arcu, eget porttitor lacus pharetra sed. Etiam quis tristique urna. Nulla ut orci orci. Curabitur eu justo ut mi placerat rhoncus id.','2017-08-11',NULL,'2017-04-20',NULL,NULL);
insert into Item_Mission_Difficulty values('A',269076,232726);
insert into IMission_has_Item values(14,11);
