insert into Hunter_experience values(4678,25);
insert into Hunter values(0,'Vulned Knoll',98,'F',4678,442063,NULL);
insert into Team values('Foul Noose','S',0);
update Hunter set teamName = 'Foul Noose' where hunterID =0;
insert into MissionHolder_reputation values(1862503,'S');
insert into MissionHolder values(0,7,'Brusque Fir',1862503);
insert into Hunter_experience values(9381,100);
insert into Hunter values(1,'Foul Chocks',5,'F',9381,645357,NULL);
insert into MissionHolder_reputation values(4999231,'S');
insert into MissionHolder values(1,50,'Huge Foams',4999231);
insert into Hunter_experience values(9121,100);
insert into Hunter values(2,'Crowned Greets',21,'F',9121,987722,NULL);
insert into Team values('Limbed Shy','B',2);
update Hunter set teamName = 'Limbed Shy' where hunterID =2;
insert into MissionHolder_reputation values(3977508,'S');
insert into MissionHolder values(2,40,'Sworn Crumb',3977508);
insert into Hunter_experience values(3909,25);
insert into Hunter values(3,'Snide Shrifts',92,'M',3909,965439,NULL);
insert into MissionHolder_reputation values(9683008,'S');
insert into MissionHolder values(3,22,'Skint Fens',9683008);
insert into Hunter_experience values(1516,10);
insert into Hunter values(4,'Damned Crust',16,'M',1516,957190,NULL);
insert into Team values('Vast Smirch','C',4);
update Hunter set teamName = 'Vast Smirch' where hunterID =4;
insert into MissionHolder_reputation values(3967342,'S');
insert into MissionHolder values(4,93,'Whist Hex',3967342);
insert into Hunter_experience values(1835,10);
insert into Hunter values(5,'Arched Wand',11,'F',1835,329952,NULL);
insert into MissionHolder_reputation values(7719794,'S');
insert into MissionHolder values(5,9,'Size Whines',7719794);
insert into Hunter_experience values(7955,50);
insert into Hunter values(6,'Winged Jib',68,'M',7955,267907,NULL);
insert into Team values('Trine Vines','S',6);
update Hunter set teamName = 'Trine Vines' where hunterID =6;
insert into MissionHolder_reputation values(3912987,'S');
insert into MissionHolder values(6,31,'Wired Rap',3912987);
insert into Hunter_experience values(245,1);
insert into Hunter values(7,'Laith Soars',7,'M',245,718703,NULL);
insert into MissionHolder_reputation values(3155974,'S');
insert into MissionHolder values(7,56,'Taunt Mares',3155974);
insert into Hunter_experience values(3772,25);
insert into Hunter values(8,'Rid Grip',54,'M',3772,820835,NULL);
insert into Team values('Blond Styles','S',8);
update Hunter set teamName = 'Blond Styles' where hunterID =8;
insert into MissionHolder_reputation values(113955,'C');
insert into MissionHolder values(8,15,'Steep Puke',113955);
insert into Hunter_experience values(9900,100);
insert into Hunter values(9,'Worn Helves',55,'F',9900,154541,NULL);
insert into MissionHolder_reputation values(1484055,'S');
insert into MissionHolder values(9,93,'Slate Shanks',1484055);
insert into Hunter_experience values(8565,50);
insert into Hunter values(10,'Crisp Thrift',64,'F',8565,651780,NULL);
insert into Team values('Slant Drink','B',10);
update Hunter set teamName = 'Slant Drink' where hunterID =10;
insert into MissionHolder_reputation values(1000988,'S');
insert into MissionHolder values(10,3,'Broke Kyat',1000988);
insert into Hunter_experience values(1002,10);
insert into Hunter values(11,'Het Dargs',80,'F',1002,31887,NULL);
insert into MissionHolder_reputation values(9059434,'S');
insert into MissionHolder values(11,77,'Foiled Fleams',9059434);
insert into Hunter_experience values(6658,50);
insert into Hunter values(12,'Curst Pointe',71,'F',6658,495490,NULL);
insert into Team values('Cauld Cru','A',12);
update Hunter set teamName = 'Cauld Cru' where hunterID =12;
insert into MissionHolder_reputation values(7171153,'S');
insert into MissionHolder values(12,25,'All Pirn',7171153);
insert into Hunter_experience values(5325,50);
insert into Hunter values(13,'Flush Therm',15,'M',5325,51836,NULL);
insert into MissionHolder_reputation values(4954808,'S');
insert into MissionHolder values(13,21,'Pouched Wipe',4954808);
insert into Hunter_experience values(9993,100);
insert into Hunter values(14,'Glazed Raids',73,'M',9993,459427,NULL);
insert into Team values('Cool Plumps','D',14);
update Hunter set teamName = 'Cool Plumps' where hunterID =14;
insert into MissionHolder_reputation values(336919,'A');
insert into MissionHolder values(14,77,'Sloshed Morphs',336919);
insert into Hunter_experience values(1704,10);
insert into Hunter values(15,'Spired Greave',10,'M',1704,739555,NULL);
insert into MissionHolder_reputation values(9554237,'S');
insert into MissionHolder values(15,85,'Slier Tonk',9554237);
insert into Hunter_experience values(523,1);
insert into Hunter values(16,'Tenth Holes',73,'M',523,924640,NULL);
insert into Team values('Chic Stirks','C',16);
update Hunter set teamName = 'Chic Stirks' where hunterID =16;
insert into MissionHolder_reputation values(9773399,'S');
insert into MissionHolder values(16,34,'Bye Style',9773399);
insert into Hunter_experience values(4022,25);
insert into Hunter values(17,'Trine Lunes',18,'F',4022,593791,NULL);
insert into MissionHolder_reputation values(7911093,'S');
insert into MissionHolder values(17,96,'Sheer Edge',7911093);
insert into Hunter_experience values(1145,10);
insert into Hunter values(18,'Print Spear',50,'M',1145,607094,NULL);
insert into Team values('Puir Far','S',18);
update Hunter set teamName = 'Puir Far' where hunterID =18;
insert into MissionHolder_reputation values(7280814,'S');
insert into MissionHolder values(18,33,'Tai Dig',7280814);
insert into Hunter_experience values(4095,25);
insert into Hunter values(19,'Corned Spare',6,'M',4095,183860,NULL);
insert into MissionHolder_reputation values(6053833,'S');
insert into MissionHolder values(19,39,'Shrill Left',6053833);
insert into Item values(1,1,NULL,'PeachChunk','B',83,3090);
insert into Item_Name values('PeachChunk','Nulla in eleifend augue. Praesent ultricies dapibus velit, nec volutpat odio semper feugiat. Sed vitae porttitor massa. Integer ac finibus enim. Suspendisse imperdiet sollicitudin ex, aliquam congue mi vestibulum vel. Suspendisse nec tristique mauris. Nunc metus felis, gravida ut faucibus et, bibendum nec nunc. Proin dictum dapibus risus et luctus.');
insert into Monster values(1,'BrownPerkWombat','OwnBlack',94,100,'T');
insert into Hunting_missions values(1,NULL,NULL,1,1733,402321,'Pellentesque habitant morbi tristique senectus et netus et malesuada fames ac turpis egestas. Nullam eget ullamcorper arcu. Curabitur dictum nisl condimentum mauris semper, et scelerisque.','2017-08-11',NULL,NULL,NULL,NULL);
insert into Hunting_missions_difficulty values('A',1733,402321);
insert into MMission_has_Monster values(1,1);
insert into Item_Foraging_Mission values(1,NULL,NULL,0,687070,260281,'Quisque aliquam magna ac pellentesque aliquet. Ut a magna vitae odio consequat faucibus vitae non felis. Morbi sodales auctor tristique. Nam eu mi quis erat.','2017-08-11',NULL,NULL,NULL,NULL);
insert into Item_Mission_Difficulty values('A',687070,260281);
insert into IMission_has_Item values(1,1);
insert into Item values(2,2,NULL,'CoralFlush','D',90,270);
insert into Item_Name values('CoralFlush','Ut sit amet lectus lorem. Proin hendrerit diam et metus eleifend, quis pulvinar ligula rutrum. Aliquam nec vestibulum elit. Aliquam ut vestibulum velit, id venenatis.');
insert into Monster values(2,'PurpleQuareCrane','PouchedAquamarine',9,100,'F');
insert into Hunting_missions values(2,NULL,NULL,2,407301,384515,'Pellentesque habitant morbi tristique senectus et netus et malesuada fames ac turpis egestas. Nullam eget ullamcorper arcu. Curabitur dictum nisl condimentum mauris semper, et scelerisque.','2017-08-11',NULL,NULL,NULL,NULL);
insert into Hunting_missions_difficulty values('S',407301,384515);
insert into MMission_has_Monster values(2,1);
insert into Item_Foraging_Mission values(2,NULL,NULL,0,850001,478515,'Cras facilisis, ligula quis tempor finibus, erat ex pharetra metus, eu blandit ligula magna eu sem. Mauris imperdiet mauris tellus, nec vestibulum justo hendrerit eu. Nulla luctus erat in est tempus luctus. Praesent in elit ex. Pellentesque mattis justo vel ipsum molestie, eu aliquet neque finibus. Donec malesuada risus id.','2017-08-11',NULL,NULL,NULL,NULL);
insert into Item_Mission_Difficulty values('S',850001,478515);
insert into IMission_has_Item values(2,1);
insert into Item values(3,3,NULL,'WhiteAne','C',97,458);
insert into Item_Name values('WhiteAne','Cras scelerisque in elit vel pharetra. Nulla posuere neque metus. In accumsan quis ex a luctus. Curabitur nec varius mi. Donec sit amet est vel.');
insert into Monster values(3,'BlueSomeAntelope','CorkedOlive',79,100,'T');
insert into Hunting_missions values(3,NULL,NULL,3,912265,20753,'Pellentesque habitant morbi tristique senectus et netus et malesuada fames ac turpis egestas. Nullam eget ullamcorper arcu. Curabitur dictum nisl condimentum mauris semper, et scelerisque.','2017-08-11',NULL,NULL,NULL,NULL);
insert into Hunting_missions_difficulty values('A',912265,20753);
insert into MMission_has_Monster values(3,2);
insert into Item_Foraging_Mission values(3,NULL,NULL,2,678810,113156,'Praesent orci tortor, ullamcorper vel nunc non, luctus ultrices turpis. Cras ornare, purus eget suscipit dictum, dui lorem euismod erat, vel malesuada lacus dolor fermentum.','2017-08-11',NULL,NULL,NULL,NULL);
insert into Item_Mission_Difficulty values('A',678810,113156);
insert into IMission_has_Item values(3,1);
insert into Item values(4,4,NULL,'VioletSmock','B',8,9889);
insert into Item_Name values('VioletSmock','Nulla eget faucibus ipsum. Curabitur vehicula feugiat magna, ac vehicula leo mattis at. Sed sapien ipsum, vehicula at lectus id, viverra ullamcorper erat. Nam sit.');
insert into Monster values(4,'IvoryNinthKudu','OpeTurquoise',49,100,'T');
insert into Hunting_missions values(4,NULL,NULL,4,106653,233544,'Fusce sed ipsum a dui dapibus dictum luctus eget massa. Nullam sem sem, iaculis id metus ut, pulvinar blandit purus. Nullam tristique nisl eget arcu.','2017-08-11',NULL,NULL,NULL,NULL);
insert into Hunting_missions_difficulty values('C',106653,233544);
insert into MMission_has_Monster values(4,1);
insert into Item_Foraging_Mission values(4,NULL,NULL,1,249528,191211,'Ut sit amet lectus lorem. Proin hendrerit diam et metus eleifend, quis pulvinar ligula rutrum. Aliquam nec vestibulum elit. Aliquam ut vestibulum velit, id venenatis.','2017-08-11',NULL,NULL,NULL,NULL);
insert into Item_Mission_Difficulty values('B',249528,191211);
insert into IMission_has_Item values(4,3);
insert into Item values(5,5,NULL,'AzureTonnes','A',1,81252);
insert into Item_Name values('AzureTonnes','Nulla in eleifend augue. Praesent ultricies dapibus velit, nec volutpat odio semper feugiat. Sed vitae porttitor massa. Integer ac finibus enim. Suspendisse imperdiet sollicitudin ex, aliquam congue mi vestibulum vel. Suspendisse nec tristique mauris. Nunc metus felis, gravida ut faucibus et, bibendum nec nunc. Proin dictum dapibus risus et luctus.');
insert into Monster values(5,'MaroonSlickLlama','SlateRose',7,100,'T');
insert into Hunting_missions values(5,NULL,NULL,5,483885,480972,'Vestibulum nec egestas lorem. Phasellus euismod neque ut vehicula lobortis. Nulla posuere euismod dignissim. Donec vel eros pellentesque, fermentum arcu id, mollis dui. Sed libero.','2017-08-11',NULL,NULL,NULL,NULL);
insert into Hunting_missions_difficulty values('S',483885,480972);
insert into MMission_has_Monster values(5,3);
insert into Item_Foraging_Mission values(5,NULL,NULL,4,833274,112656,'Cras scelerisque in elit vel pharetra. Nulla posuere neque metus. In accumsan quis ex a luctus. Curabitur nec varius mi. Donec sit amet est vel.','2017-08-11',NULL,NULL,NULL,NULL);
insert into Item_Mission_Difficulty values('A',833274,112656);
insert into IMission_has_Item values(5,4);
insert into Item values(6,6,NULL,'GreySleds','B',30,2439);
insert into Item_Name values('GreySleds','Quisque aliquam magna ac pellentesque aliquet. Ut a magna vitae odio consequat faucibus vitae non felis. Morbi sodales auctor tristique. Nam eu mi quis erat.');
insert into Monster values(6,'BlackMiffedPelican','ZonkedPeach',7,100,'T');
insert into Hunting_missions values(6,NULL,NULL,6,456842,504187,'Sed sed eros nec velit ornare euismod id ut dolor. Etiam turpis ligula, viverra eget hendrerit eu, suscipit et urna. Maecenas consequat metus ut odio lobortis tristique. Phasellus tincidunt eros et commodo pulvinar. Nam vel mollis tortor. Suspendisse potenti. Morbi vel rutrum nunc. Vestibulum eget ex eu erat convallis fermentum.','2017-08-11',NULL,NULL,NULL,NULL);
insert into Hunting_missions_difficulty values('S',456842,504187);
insert into MMission_has_Monster values(6,1);
insert into Item_Foraging_Mission values(6,NULL,NULL,2,129490,552468,'Pellentesque habitant morbi tristique senectus et netus et malesuada fames ac turpis egestas. Nullam eget ullamcorper arcu. Curabitur dictum nisl condimentum mauris semper, et scelerisque.','2017-08-11',NULL,NULL,NULL,NULL);
insert into Item_Mission_Difficulty values('A',129490,552468);
insert into IMission_has_Item values(6,4);
insert into Item values(7,7,NULL,'SapphireScars','E',23,271);
insert into Item_Name values('SapphireScars','Quisque aliquam magna ac pellentesque aliquet. Ut a magna vitae odio consequat faucibus vitae non felis. Morbi sodales auctor tristique. Nam eu mi quis erat.');
insert into Monster values(7,'TuscanVersedCrane','FeyYellow',90,100,'T');
insert into Hunting_missions values(7,NULL,NULL,7,449419,211530,'Cras scelerisque in elit vel pharetra. Nulla posuere neque metus. In accumsan quis ex a luctus. Curabitur nec varius mi. Donec sit amet est vel.','2017-08-11',NULL,NULL,NULL,NULL);
insert into Hunting_missions_difficulty values('S',449419,211530);
insert into MMission_has_Monster values(7,2);
insert into Item_Foraging_Mission values(7,NULL,NULL,3,356604,372806,'Cras facilisis, ligula quis tempor finibus, erat ex pharetra metus, eu blandit ligula magna eu sem. Mauris imperdiet mauris tellus, nec vestibulum justo hendrerit eu. Nulla luctus erat in est tempus luctus. Praesent in elit ex. Pellentesque mattis justo vel ipsum molestie, eu aliquet neque finibus. Donec malesuada risus id.','2017-08-11',NULL,NULL,NULL,NULL);
insert into Item_Mission_Difficulty values('A',356604,372806);
insert into IMission_has_Item values(7,4);
insert into Item values(8,8,NULL,'OliveThong','B',78,4243);
insert into Item_Name values('OliveThong','Nulla eget faucibus ipsum. Curabitur vehicula feugiat magna, ac vehicula leo mattis at. Sed sapien ipsum, vehicula at lectus id, viverra ullamcorper erat. Nam sit.');
insert into Monster values(8,'PersimmonSkiturkey','StringedBlack',26,100,'T');
insert into Hunting_missions values(8,NULL,NULL,8,253243,77271,'Nulla in eleifend augue. Praesent ultricies dapibus velit, nec volutpat odio semper feugiat. Sed vitae porttitor massa. Integer ac finibus enim. Suspendisse imperdiet sollicitudin ex, aliquam congue mi vestibulum vel. Suspendisse nec tristique mauris. Nunc metus felis, gravida ut faucibus et, bibendum nec nunc. Proin dictum dapibus risus et luctus.','2017-08-11',NULL,NULL,NULL,NULL);
insert into Hunting_missions_difficulty values('D',253243,77271);
insert into MMission_has_Monster values(8,5);
insert into Item_Foraging_Mission values(8,NULL,NULL,6,766125,541603,'Sed sed eros nec velit ornare euismod id ut dolor. Etiam turpis ligula, viverra eget hendrerit eu, suscipit et urna. Maecenas consequat metus ut odio lobortis tristique. Phasellus tincidunt eros et commodo pulvinar. Nam vel mollis tortor. Suspendisse potenti. Morbi vel rutrum nunc. Vestibulum eget ex eu erat convallis fermentum.','2017-08-11',NULL,NULL,NULL,NULL);
insert into Item_Mission_Difficulty values('S',766125,541603);
insert into IMission_has_Item values(8,1);
insert into Item values(9,9,NULL,'GreyDents','A',3,16762);
insert into Item_Name values('GreyDents','Pellentesque habitant morbi tristique senectus et netus et malesuada fames ac turpis egestas. Nullam eget ullamcorper arcu. Curabitur dictum nisl condimentum mauris semper, et scelerisque.');
insert into Monster values(9,'TuscanShillrat','ChirkTurquoise',22,100,'F');
insert into Hunting_missions values(9,NULL,NULL,9,886320,8297,'Ut sit amet lectus lorem. Proin hendrerit diam et metus eleifend, quis pulvinar ligula rutrum. Aliquam nec vestibulum elit. Aliquam ut vestibulum velit, id venenatis.','2017-08-11',NULL,NULL,NULL,NULL);
insert into Hunting_missions_difficulty values('S',886320,8297);
insert into MMission_has_Monster values(9,4);
insert into Item_Foraging_Mission values(9,NULL,NULL,6,228096,325181,'Nullam et viverra magna. Aenean semper eget mauris a pulvinar. Vestibulum in commodo est. Aenean fringilla mattis lacinia. Nullam quis accumsan enim, sed dapibus ex. Proin vehicula, ante eu ultricies eleifend, mi felis lobortis massa, ac venenatis orci tellus ut ligula. Duis convallis nisi pretium, venenatis tellus condimentum, facilisis velit.','2017-08-11',NULL,NULL,NULL,NULL);
insert into Item_Mission_Difficulty values('S',228096,325181);
insert into IMission_has_Item values(9,5);
insert into Item values(10,10,NULL,'SapphireEcho','A',97,52809);
insert into Item_Name values('SapphireEcho','Suspendisse porttitor dignissim sem, eu faucibus metus fringilla ut. Fusce massa enim, dictum quis tristique sed, tristique quis enim. In lectus sapien, cursus vel ultrices.');
insert into Monster values(10,'CopperSaneCattle','HeeledMagenta',96,100,'F');
insert into Hunting_missions values(10,NULL,NULL,10,859440,374523,'Nulla eget faucibus ipsum. Curabitur vehicula feugiat magna, ac vehicula leo mattis at. Sed sapien ipsum, vehicula at lectus id, viverra ullamcorper erat. Nam sit.','2017-08-11',NULL,NULL,NULL,NULL);
insert into Hunting_missions_difficulty values('S',859440,374523);
insert into MMission_has_Monster values(10,1);
insert into Item_Foraging_Mission values(10,NULL,NULL,5,11153,339061,'Aenean cursus elit arcu, eget porttitor lacus pharetra sed. Etiam quis tristique urna. Nulla ut orci orci. Curabitur eu justo ut mi placerat rhoncus id.','2017-08-11',NULL,NULL,NULL,NULL);
insert into Item_Mission_Difficulty values('C',11153,339061);
insert into IMission_has_Item values(10,7);
insert into Item values(11,11,NULL,'SalmonHate','C',70,237);
insert into Item_Name values('SalmonHate','Nulla eget faucibus ipsum. Curabitur vehicula feugiat magna, ac vehicula leo mattis at. Sed sapien ipsum, vehicula at lectus id, viverra ullamcorper erat. Nam sit.');
insert into Monster values(11,'CrimsonSixthshark','PassedPersimmon',115,100,'F');
insert into Hunting_missions values(11,NULL,NULL,11,439623,184756,'Cras scelerisque in elit vel pharetra. Nulla posuere neque metus. In accumsan quis ex a luctus. Curabitur nec varius mi. Donec sit amet est vel.','2017-08-11',NULL,NULL,NULL,NULL);
insert into Hunting_missions_difficulty values('A',439623,184756);
insert into MMission_has_Monster values(11,6);
insert into Item_Foraging_Mission values(11,NULL,NULL,8,18353,287966,'Aenean cursus elit arcu, eget porttitor lacus pharetra sed. Etiam quis tristique urna. Nulla ut orci orci. Curabitur eu justo ut mi placerat rhoncus id.','2017-08-11',NULL,NULL,NULL,NULL);
insert into Item_Mission_Difficulty values('B',18353,287966);
insert into IMission_has_Item values(11,2);
insert into Item values(12,12,NULL,'CopperBarbe','B',26,9676);
insert into Item_Name values('CopperBarbe','Aenean cursus elit arcu, eget porttitor lacus pharetra sed. Etiam quis tristique urna. Nulla ut orci orci. Curabitur eu justo ut mi placerat rhoncus id.');
insert into Monster values(12,'CrimsonSliercarp','BluffAmber',14,100,'F');
insert into Hunting_missions values(12,NULL,NULL,12,997325,70339,'Integer turpis arcu, ultricies pulvinar metus at, ultricies commodo purus. Duis in enim semper tortor sagittis egestas. Phasellus rhoncus vel nisl sit amet gravida. Donec.','2017-08-11',NULL,NULL,NULL,NULL);
insert into Hunting_missions_difficulty values('S',997325,70339);
insert into MMission_has_Monster values(12,11);
insert into Item_Foraging_Mission values(12,NULL,NULL,7,175877,313274,'Praesent orci tortor, ullamcorper vel nunc non, luctus ultrices turpis. Cras ornare, purus eget suscipit dictum, dui lorem euismod erat, vel malesuada lacus dolor fermentum.','2017-08-11',NULL,NULL,NULL,NULL);
insert into Item_Mission_Difficulty values('A',175877,313274);
insert into IMission_has_Item values(12,11);
insert into Item values(13,13,NULL,'BrownFlounce','C',8,399);
insert into Item_Name values('BrownFlounce','Suspendisse porttitor dignissim sem, eu faucibus metus fringilla ut. Fusce massa enim, dictum quis tristique sed, tristique quis enim. In lectus sapien, cursus vel ultrices.');
insert into Monster values(13,'LimeSereClam','FlownChartreuse',27,100,'F');
insert into Hunting_missions values(13,NULL,NULL,13,763540,52897,'Nullam et viverra magna. Aenean semper eget mauris a pulvinar. Vestibulum in commodo est. Aenean fringilla mattis lacinia. Nullam quis accumsan enim, sed dapibus ex. Proin vehicula, ante eu ultricies eleifend, mi felis lobortis massa, ac venenatis orci tellus ut ligula. Duis convallis nisi pretium, venenatis tellus condimentum, facilisis velit.','2017-08-11',NULL,NULL,NULL,NULL);
insert into Hunting_missions_difficulty values('S',763540,52897);
insert into MMission_has_Monster values(13,3);
insert into Item_Foraging_Mission values(13,NULL,NULL,7,668756,62310,'Vestibulum nec egestas lorem. Phasellus euismod neque ut vehicula lobortis. Nulla posuere euismod dignissim. Donec vel eros pellentesque, fermentum arcu id, mollis dui. Sed libero.','2017-08-11',NULL,NULL,NULL,NULL);
insert into Item_Mission_Difficulty values('A',668756,62310);
insert into IMission_has_Item values(13,12);
insert into Item values(14,14,NULL,'OrangeBirk','E',92,996);
insert into Item_Name values('OrangeBirk','Sed sed eros nec velit ornare euismod id ut dolor. Etiam turpis ligula, viverra eget hendrerit eu, suscipit et urna. Maecenas consequat metus ut odio lobortis tristique. Phasellus tincidunt eros et commodo pulvinar. Nam vel mollis tortor. Suspendisse potenti. Morbi vel rutrum nunc. Vestibulum eget ex eu erat convallis fermentum.');
insert into Monster values(14,'FuchsiaPronePig','CheekSalmon',142,100,'T');
insert into Hunting_missions values(14,NULL,NULL,14,977529,382024,'Cras scelerisque in elit vel pharetra. Nulla posuere neque metus. In accumsan quis ex a luctus. Curabitur nec varius mi. Donec sit amet est vel.','2017-08-11',NULL,NULL,NULL,NULL);
insert into Hunting_missions_difficulty values('S',977529,382024);
insert into MMission_has_Monster values(14,3);
insert into Item_Foraging_Mission values(14,NULL,NULL,9,502227,565568,'Sed sed eros nec velit ornare euismod id ut dolor. Etiam turpis ligula, viverra eget hendrerit eu, suscipit et urna. Maecenas consequat metus ut odio lobortis tristique. Phasellus tincidunt eros et commodo pulvinar. Nam vel mollis tortor. Suspendisse potenti. Morbi vel rutrum nunc. Vestibulum eget ex eu erat convallis fermentum.','2017-08-11',NULL,NULL,NULL,NULL);
insert into Item_Mission_Difficulty values('A',502227,565568);
insert into IMission_has_Item values(14,3);
