insert into Hunter values(0,'Gilt Til',93,'F',8887,877730,NULL);
insert into Hunter_experience values(8887,50);
insert into Team values('Moire Spout','B',0);
insert into MissionHolder values(0,64,'Brood Won',567,4081453);
insert into MissionHolder_reputation values(4081453,S);
insert into Hunter values(1,'Once Cue',58,'F',6418,169191,NULL);
insert into Hunter_experience values(6418,50);
insert into MissionHolder values(1,77,'Kempt Swell',509,6491470);
insert into MissionHolder_reputation values(6491470,S);
insert into Hunter values(2,'Kept Weigh',93,'M',2505,92385,NULL);
insert into Hunter_experience values(2505,25);
insert into Team values('Shorn Slum','C',2);
insert into MissionHolder values(2,19,'Both Ley',395,569444);
insert into MissionHolder_reputation values(569444,S);
insert into Hunter values(3,'Ninth Prop',54,'F',1748,979317,NULL);
insert into Hunter_experience values(1748,10);
insert into MissionHolder values(3,23,'All Francs',571,5435687);
insert into MissionHolder_reputation values(5435687,S);
insert into Hunter values(4,'Crazed Tool',72,'F',9725,682516,NULL);
insert into Hunter_experience values(9725,100);
insert into Team values('Tinned Boob','D',4);
insert into MissionHolder values(4,4,'Naught Frond',346,3423317);
insert into MissionHolder_reputation values(3423317,S);
insert into Hunter values(5,'Pained Snool',58,'F',3693,909845,NULL);
insert into Hunter_experience values(3693,25);
insert into MissionHolder values(5,15,'Trite Romp',484,4067790);
insert into MissionHolder_reputation values(4067790,S);
insert into Hunter values(6,'Dinge Straps',42,'F',1676,265919,NULL);
insert into Hunter_experience values(1676,10);
insert into Team values('Blown Seals','S',6);
insert into MissionHolder values(6,27,'Sore Caps',604,8579893);
insert into MissionHolder_reputation values(8579893,S);
insert into Hunter values(7,'Runed Rake',73,'M',9060,468288,NULL);
insert into Hunter_experience values(9060,100);
insert into MissionHolder values(7,67,'Sworn Sloop',909,7396533);
insert into MissionHolder_reputation values(7396533,S);
insert into Hunter values(8,'Feal Soy',78,'F',4673,147514,NULL);
insert into Hunter_experience values(4673,25);
insert into Team values('Swart Bourse','D',8);
insert into MissionHolder values(8,59,'Tight Peeps',113,9780325);
insert into MissionHolder_reputation values(9780325,S);
insert into Hunter values(9,'Kempt Morgues',34,'M',4517,723520,NULL);
insert into Hunter_experience values(4517,25);
insert into MissionHolder values(9,96,'Wound Blights',708,7299241);
insert into MissionHolder_reputation values(7299241,S);
insert into Item values(47,0,NULL,'RoseHade','B',68,8975);
insert into Item_Name values('RoseHade','Vestibulum nec egestas lorem. Phasellus euismod neque ut vehicula lobortis. Nulla posuere euismod dignissim. Donec vel eros pellentesque, fermentum arcu id, mollis dui. Sed libero.');
insert into Monster values(17,'PlumThrawnJaguar','LouchePlum',37,100,'T');
insert into Hunting_missions values(128,NULL,0,602629,262187,'Sed sed eros nec velit ornare euismod id ut dolor. Etiam turpis ligula, viverra eget hendrerit eu, suscipit et urna. Maecenas consequat metus ut odio lobortis tristique. Phasellus tincidunt eros et commodo pulvinar. Nam vel mollis tortor. Suspendisse potenti. Morbi vel rutrum nunc. Vestibulum eget ex eu erat convallis fermentum.','2017-08-11',NULL,NULL,NULL,NULL);
insert into Huntin_missions_difficulty values(S,602629,262187);
insert into MMission_has_Monster values(128,6);
insert into Item values(76,1,NULL,'RedHauls','C',58,869);
insert into Item_Name values('RedHauls','Cras facilisis, ligula quis tempor finibus, erat ex pharetra metus, eu blandit ligula magna eu sem. Mauris imperdiet mauris tellus, nec vestibulum justo hendrerit eu. Nulla luctus erat in est tempus luctus. Praesent in elit ex. Pellentesque mattis justo vel ipsum molestie, eu aliquet neque finibus. Donec malesuada risus id.');
insert into Monster values(16,'FuchsiaStuckhen','FirmViolet',119,100,'T');
insert into Hunting_missions values(30,NULL,1,521716,405,'Nulla in eleifend augue. Praesent ultricies dapibus velit, nec volutpat odio semper feugiat. Sed vitae porttitor massa. Integer ac finibus enim. Suspendisse imperdiet sollicitudin ex, aliquam congue mi vestibulum vel. Suspendisse nec tristique mauris. Nunc metus felis, gravida ut faucibus et, bibendum nec nunc. Proin dictum dapibus risus et luctus.','2017-08-11',NULL,NULL,NULL,NULL);
insert into Huntin_missions_difficulty values(S,521716,405);
insert into MMission_has_Monster values(30,5);
insert into Item values(91,2,NULL,'OrangeLar','C',18,491);
insert into Item_Name values('OrangeLar','Vestibulum nec egestas lorem. Phasellus euismod neque ut vehicula lobortis. Nulla posuere euismod dignissim. Donec vel eros pellentesque, fermentum arcu id, mollis dui. Sed libero.');
insert into Monster values(19,'TealRoastPenguin','SportTurquoise',101,100,'F');
insert into Hunting_missions values(822,NULL,2,968036,123119,'Aenean cursus elit arcu, eget porttitor lacus pharetra sed. Etiam quis tristique urna. Nulla ut orci orci. Curabitur eu justo ut mi placerat rhoncus id.','2017-08-11',NULL,NULL,NULL,NULL);
insert into Huntin_missions_difficulty values(S,968036,123119);
insert into MMission_has_Monster values(822,7);
insert into Item values(14,3,NULL,'CherryRood','A',74,7532);
insert into Item_Name values('CherryRood','Pellentesque habitant morbi tristique senectus et netus et malesuada fames ac turpis egestas. Nullam eget ullamcorper arcu. Curabitur dictum nisl condimentum mauris semper, et scelerisque.');
insert into Monster values(63,'RoseCouthEmu','DarnedMaroon',40,100,'F');
insert into Hunting_missions values(894,NULL,3,554031,114983,'Aenean cursus elit arcu, eget porttitor lacus pharetra sed. Etiam quis tristique urna. Nulla ut orci orci. Curabitur eu justo ut mi placerat rhoncus id.','2017-08-11',NULL,NULL,NULL,NULL);
insert into Huntin_missions_difficulty values(A,554031,114983);
insert into MMission_has_Monster values(894,4);
insert into Item values(67,4,NULL,'PlumBirse','S',32,639350);
insert into Item_Name values('PlumBirse','Integer turpis arcu, ultricies pulvinar metus at, ultricies commodo purus. Duis in enim semper tortor sagittis egestas. Phasellus rhoncus vel nisl sit amet gravida. Donec.');
insert into Monster values(60,'SalmonDernAnteater','SoreBeige',67,100,'T');
insert into Hunting_missions values(851,NULL,4,655392,340354,'Cras scelerisque in elit vel pharetra. Nulla posuere neque metus. In accumsan quis ex a luctus. Curabitur nec varius mi. Donec sit amet est vel.','2017-08-11',NULL,NULL,NULL,NULL);
insert into Huntin_missions_difficulty values(A,655392,340354);
insert into MMission_has_Monster values(851,4);
insert into Item values(1,5,NULL,'MagentaIlk','A',28,55771);
insert into Item_Name values('MagentaIlk','Praesent orci tortor, ullamcorper vel nunc non, luctus ultrices turpis. Cras ornare, purus eget suscipit dictum, dui lorem euismod erat, vel malesuada lacus dolor fermentum.');
insert into Monster values(88,'GoldPlusGrasshopper','NudePersimmon',96,100,'F');
insert into Hunting_missions values(72,NULL,5,882139,581275,'Quisque aliquam magna ac pellentesque aliquet. Ut a magna vitae odio consequat faucibus vitae non felis. Morbi sodales auctor tristique. Nam eu mi quis erat.','2017-08-11',NULL,NULL,NULL,NULL);
insert into Huntin_missions_difficulty values(S,882139,581275);
insert into MMission_has_Monster values(72,5);
insert into Item values(18,6,NULL,'BlueWill','B',16,8464);
insert into Item_Name values('BlueWill','Quisque aliquam magna ac pellentesque aliquet. Ut a magna vitae odio consequat faucibus vitae non felis. Morbi sodales auctor tristique. Nam eu mi quis erat.');
insert into Monster values(18,'TanPoisedPartridge','YonFuchsia',94,100,'F');
insert into Hunting_missions values(63,NULL,6,701351,581148,'Quisque aliquam magna ac pellentesque aliquet. Ut a magna vitae odio consequat faucibus vitae non felis. Morbi sodales auctor tristique. Nam eu mi quis erat.','2017-08-11',NULL,NULL,NULL,NULL);
insert into Huntin_missions_difficulty values(S,701351,581148);
insert into MMission_has_Monster values(63,5);
