insert into Hunter_experience values(5800,50);
insert into Hunter values(0,'Numb Flits',37,'F',5800,485789,NULL);
insert into Team values('Gruff Beaut','E',0);
insert into MissionHolder_reputation values(9615383,'S');
insert into MissionHolder values(0,73,'Raked Chirrs',9615383);
insert into Hunter_experience values(4750,25);
insert into Hunter values(1,'Bland Gnome',89,'M',4750,277998,NULL);
insert into MissionHolder_reputation values(418262,'A');
insert into MissionHolder values(1,61,'Meek Trump',418262);
insert into Hunter_experience values(4871,25);
insert into Hunter values(2,'Grilled Daubs',31,'M',4871,703549,NULL);
insert into Team values('Slick Cirques','A',2);
insert into MissionHolder_reputation values(5294878,'S');
insert into MissionHolder values(2,84,'Slum Plops',5294878);
insert into Hunter_experience values(1164,10);
insert into Hunter values(3,'Pained Varves',63,'F',1164,984963,NULL);
insert into MissionHolder_reputation values(7902542,'S');
insert into MissionHolder values(3,91,'Flexed Stour',7902542);
insert into Hunter_experience values(7622,50);
insert into Hunter values(4,'Coursed Scaup',99,'M',7622,977822,NULL);
insert into Team values('Slain Fratch','E',4);
insert into MissionHolder_reputation values(4738274,'S');
insert into MissionHolder values(4,33,'Grown Brine',4738274);
insert into Hunter_experience values(2062,10);
insert into Hunter values(5,'Mim Stanks',90,'M',2062,804403,NULL);
insert into MissionHolder_reputation values(2959649,'S');
insert into MissionHolder values(5,47,'Lame Guiles',2959649);
insert into Hunter_experience values(1121,10);
insert into Hunter values(6,'Much Splats',77,'F',1121,775910,NULL);
insert into Team values('Chance Placks','E',6);
insert into MissionHolder_reputation values(8961314,'S');
insert into MissionHolder values(6,3,'Loud Japs',8961314);
insert into Hunter_experience values(4770,25);
insert into Hunter values(7,'Lax Wit',74,'M',4770,984690,NULL);
insert into MissionHolder_reputation values(6573148,'S');
insert into MissionHolder values(7,27,'Domed Feed',6573148);
insert into Hunter_experience values(4502,25);
insert into Hunter values(8,'Liege Rule',18,'F',4502,316532,NULL);
insert into Team values('Dree Ergs','B',8);
insert into MissionHolder_reputation values(2974562,'S');
insert into MissionHolder values(8,33,'Ebb Damps',2974562);
insert into Hunter_experience values(3287,25);
insert into Hunter values(9,'Cheesed Phones',12,'M',3287,360637,NULL);
insert into MissionHolder_reputation values(7776727,'S');
insert into MissionHolder values(9,37,'Glare Cist',7776727);
insert into Item values(39,1,NULL,'RoseChores','A',69,80459);
insert into Item_Name values('RoseChores','Sed sed eros nec velit ornare euismod id ut dolor. Etiam turpis ligula, viverra eget hendrerit eu, suscipit et urna. Maecenas consequat metus ut odio lobortis tristique. Phasellus tincidunt eros et commodo pulvinar. Nam vel mollis tortor. Suspendisse potenti. Morbi vel rutrum nunc. Vestibulum eget ex eu erat convallis fermentum.');
insert into Monster values(1,'GoldMesneLemur','OpeBrown',3,100,'T');
insert into Hunting_missions values(733,NULL,1,86387,584022,'Cras facilisis, ligula quis tempor finibus, erat ex pharetra metus, eu blandit ligula magna eu sem. Mauris imperdiet mauris tellus, nec vestibulum justo hendrerit eu. Nulla luctus erat in est tempus luctus. Praesent in elit ex. Pellentesque mattis justo vel ipsum molestie, eu aliquet neque finibus. Donec malesuada risus id.','2017-08-11',NULL,NULL,NULL,NULL);
insert into Hunting_missions_difficulty values('S',86387,584022);
insert into MMission_has_Monster values(733,0);
insert into Item_Foraging_Mission values(1,NULL,0,'2017-08-11','Nulla eget faucibus ipsum. Curabitur vehicula feugiat magna, ac vehicula leo mattis at. Sed sapien ipsum, vehicula at lectus id, viverra ullamcorper erat. Nam sit.',110873,557425,NULL,NULL,NULL,NULL);
insert into Item_Mission_Difficulty values('A',110873,557425);
insert into IMission_has_Item(1,0);
insert into Item values(75,2,NULL,'RoseWeirs','E',54,533);
insert into Item_Name values('RoseWeirs','Sed sed eros nec velit ornare euismod id ut dolor. Etiam turpis ligula, viverra eget hendrerit eu, suscipit et urna. Maecenas consequat metus ut odio lobortis tristique. Phasellus tincidunt eros et commodo pulvinar. Nam vel mollis tortor. Suspendisse potenti. Morbi vel rutrum nunc. Vestibulum eget ex eu erat convallis fermentum.');
insert into Monster values(2,'IndigoLoneBaboon','ScorchedTeal',95,100,'F');
insert into Hunting_missions values(110,NULL,2,154227,553383,'Ut sit amet lectus lorem. Proin hendrerit diam et metus eleifend, quis pulvinar ligula rutrum. Aliquam nec vestibulum elit. Aliquam ut vestibulum velit, id venenatis.','2017-08-11',NULL,NULL,NULL,NULL);
insert into Hunting_missions_difficulty values('A',154227,553383);
insert into MMission_has_Monster values(110,1);
insert into Item_Foraging_Mission values(2,NULL,1,'2017-08-11','Suspendisse porttitor dignissim sem, eu faucibus metus fringilla ut. Fusce massa enim, dictum quis tristique sed, tristique quis enim. In lectus sapien, cursus vel ultrices.',767588,396519,NULL,NULL,NULL,NULL);
insert into Item_Mission_Difficulty values('A',767588,396519);
insert into IMission_has_Item(2,1);
insert into Item values(87,3,NULL,'SapphireCranks','E',25,63);
insert into Item_Name values('SapphireCranks','Quisque aliquam magna ac pellentesque aliquet. Ut a magna vitae odio consequat faucibus vitae non felis. Morbi sodales auctor tristique. Nam eu mi quis erat.');
insert into Monster values(3,'PurpleMeetRed panda','SwornTan',6,100,'F');
insert into Hunting_missions values(216,NULL,3,751778,415103,'Vestibulum nec egestas lorem. Phasellus euismod neque ut vehicula lobortis. Nulla posuere euismod dignissim. Donec vel eros pellentesque, fermentum arcu id, mollis dui. Sed libero.','2017-08-11',NULL,NULL,NULL,NULL);
insert into Hunting_missions_difficulty values('S',751778,415103);
insert into MMission_has_Monster values(216,0);
insert into Item_Foraging_Mission values(3,NULL,0,'2017-08-11','Aenean cursus elit arcu, eget porttitor lacus pharetra sed. Etiam quis tristique urna. Nulla ut orci orci. Curabitur eu justo ut mi placerat rhoncus id.',462279,338739,NULL,NULL,NULL,NULL);
insert into Item_Mission_Difficulty values('A',462279,338739);
insert into IMission_has_Item(3,0);
insert into Item values(62,4,NULL,'RoseHowf','A',11,88391);
insert into Item_Name values('RoseHowf','Ut sit amet lectus lorem. Proin hendrerit diam et metus eleifend, quis pulvinar ligula rutrum. Aliquam nec vestibulum elit. Aliquam ut vestibulum velit, id venenatis.');
insert into Monster values(4,'RoseBoulleKouprey','RentCyan',6,100,'T');
insert into Hunting_missions values(397,NULL,4,403639,563298,'Nulla eget faucibus ipsum. Curabitur vehicula feugiat magna, ac vehicula leo mattis at. Sed sapien ipsum, vehicula at lectus id, viverra ullamcorper erat. Nam sit.','2017-08-11',NULL,NULL,NULL,NULL);
insert into Hunting_missions_difficulty values('S',403639,563298);
insert into MMission_has_Monster values(397,0);
insert into Item_Foraging_Mission values(4,NULL,2,'2017-08-11','Integer turpis arcu, ultricies pulvinar metus at, ultricies commodo purus. Duis in enim semper tortor sagittis egestas. Phasellus rhoncus vel nisl sit amet gravida. Donec.',572710,138832,NULL,NULL,NULL,NULL);
insert into Item_Mission_Difficulty values('A',572710,138832);
insert into IMission_has_Item(4,2);
insert into Item values(19,5,NULL,'TurquoiseBatts','E',90,646);
insert into Item_Name values('TurquoiseBatts','Praesent orci tortor, ullamcorper vel nunc non, luctus ultrices turpis. Cras ornare, purus eget suscipit dictum, dui lorem euismod erat, vel malesuada lacus dolor fermentum.');
insert into Monster values(5,'RedRashApe','ForeCoral',138,100,'F');
insert into Hunting_missions values(233,NULL,5,831455,154239,'Integer turpis arcu, ultricies pulvinar metus at, ultricies commodo purus. Duis in enim semper tortor sagittis egestas. Phasellus rhoncus vel nisl sit amet gravida. Donec.','2017-08-11',NULL,NULL,NULL,NULL);
insert into Hunting_missions_difficulty values('A',831455,154239);
insert into MMission_has_Monster values(233,1);
insert into Item_Foraging_Mission values(5,NULL,2,'2017-08-11','Nulla in eleifend augue. Praesent ultricies dapibus velit, nec volutpat odio semper feugiat. Sed vitae porttitor massa. Integer ac finibus enim. Suspendisse imperdiet sollicitudin ex, aliquam congue mi vestibulum vel. Suspendisse nec tristique mauris. Nunc metus felis, gravida ut faucibus et, bibendum nec nunc. Proin dictum dapibus risus et luctus.',808742,109459,NULL,NULL,NULL,NULL);
insert into Item_Mission_Difficulty values('S',808742,109459);
insert into IMission_has_Item(5,0);
insert into Item values(27,6,NULL,'ChartreuseFrith','B',69,6740);
insert into Item_Name values('ChartreuseFrith','Cras scelerisque in elit vel pharetra. Nulla posuere neque metus. In accumsan quis ex a luctus. Curabitur nec varius mi. Donec sit amet est vel.');
insert into Monster values(6,'LavenderStiffGrasshopper','ChanceBlack',85,100,'T');
insert into Hunting_missions values(727,NULL,6,962403,26834,'Nulla in eleifend augue. Praesent ultricies dapibus velit, nec volutpat odio semper feugiat. Sed vitae porttitor massa. Integer ac finibus enim. Suspendisse imperdiet sollicitudin ex, aliquam congue mi vestibulum vel. Suspendisse nec tristique mauris. Nunc metus felis, gravida ut faucibus et, bibendum nec nunc. Proin dictum dapibus risus et luctus.','2017-08-11',NULL,NULL,NULL,NULL);
insert into Hunting_missions_difficulty values('S',962403,26834);
insert into MMission_has_Monster values(727,3);
insert into Item_Foraging_Mission values(6,NULL,4,'2017-08-11','Quisque aliquam magna ac pellentesque aliquet. Ut a magna vitae odio consequat faucibus vitae non felis. Morbi sodales auctor tristique. Nam eu mi quis erat.',528693,509334,NULL,NULL,NULL,NULL);
insert into Item_Mission_Difficulty values('A',528693,509334);
insert into IMission_has_Item(6,4);
insert into Item values(87,7,NULL,'OnyxFrumps','E',85,644);
insert into Item_Name values('OnyxFrumps','Aenean cursus elit arcu, eget porttitor lacus pharetra sed. Etiam quis tristique urna. Nulla ut orci orci. Curabitur eu justo ut mi placerat rhoncus id.');
insert into Monster values(7,'SalmonHaltgoldfish','YareAuburn',25,100,'F');
insert into Hunting_missions values(141,NULL,7,119042,186490,'Aenean cursus elit arcu, eget porttitor lacus pharetra sed. Etiam quis tristique urna. Nulla ut orci orci. Curabitur eu justo ut mi placerat rhoncus id.','2017-08-11',NULL,NULL,NULL,NULL);
insert into Hunting_missions_difficulty values('A',119042,186490);
insert into MMission_has_Monster values(141,2);
insert into Item_Foraging_Mission values(7,NULL,2,'2017-08-11','Nulla in eleifend augue. Praesent ultricies dapibus velit, nec volutpat odio semper feugiat. Sed vitae porttitor massa. Integer ac finibus enim. Suspendisse imperdiet sollicitudin ex, aliquam congue mi vestibulum vel. Suspendisse nec tristique mauris. Nunc metus felis, gravida ut faucibus et, bibendum nec nunc. Proin dictum dapibus risus et luctus.',133802,349691,NULL,NULL,NULL,NULL);
insert into Item_Mission_Difficulty values('B',133802,349691);
insert into IMission_has_Item(7,5);
insert into Item values(78,8,NULL,'PearlTums','D',50,450);
insert into Item_Name values('PearlTums','Aenean cursus elit arcu, eget porttitor lacus pharetra sed. Etiam quis tristique urna. Nulla ut orci orci. Curabitur eu justo ut mi placerat rhoncus id.');
insert into Monster values(8,'ChartreuseFledgedreindeer','WingedYellow',135,100,'T');
insert into Hunting_missions values(674,NULL,8,372168,368104,'Suspendisse porttitor dignissim sem, eu faucibus metus fringilla ut. Fusce massa enim, dictum quis tristique sed, tristique quis enim. In lectus sapien, cursus vel ultrices.','2017-08-11',NULL,NULL,NULL,NULL);
insert into Hunting_missions_difficulty values('S',372168,368104);
insert into MMission_has_Monster values(674,0);
insert into Item_Foraging_Mission values(8,NULL,0,'2017-08-11','Nulla eget faucibus ipsum. Curabitur vehicula feugiat magna, ac vehicula leo mattis at. Sed sapien ipsum, vehicula at lectus id, viverra ullamcorper erat. Nam sit.',285907,518873,NULL,NULL,NULL,NULL);
insert into Item_Mission_Difficulty values('S',285907,518873);
insert into IMission_has_Item(8,7);
insert into Item values(75,9,NULL,'SalmonGrist','D',32,908);
insert into Item_Name values('SalmonGrist','Quisque aliquam magna ac pellentesque aliquet. Ut a magna vitae odio consequat faucibus vitae non felis. Morbi sodales auctor tristique. Nam eu mi quis erat.');
insert into Monster values(9,'CoralOwnarmadillo','DoneOnyx',6,100,'F');
insert into Hunting_missions values(459,NULL,9,5746,373817,'Quisque aliquam magna ac pellentesque aliquet. Ut a magna vitae odio consequat faucibus vitae non felis. Morbi sodales auctor tristique. Nam eu mi quis erat.','2017-08-11',NULL,NULL,NULL,NULL);
insert into Hunting_missions_difficulty values('B',5746,373817);
insert into MMission_has_Monster values(459,6);
insert into Item_Foraging_Mission values(9,NULL,7,'2017-08-11','Nulla in eleifend augue. Praesent ultricies dapibus velit, nec volutpat odio semper feugiat. Sed vitae porttitor massa. Integer ac finibus enim. Suspendisse imperdiet sollicitudin ex, aliquam congue mi vestibulum vel. Suspendisse nec tristique mauris. Nunc metus felis, gravida ut faucibus et, bibendum nec nunc. Proin dictum dapibus risus et luctus.',307847,121193,NULL,NULL,NULL,NULL);
insert into Item_Mission_Difficulty values('A',307847,121193);
insert into IMission_has_Item(9,3);
insert into Item values(0,10,NULL,'CrimsonSpinks','E',36,369);
insert into Item_Name values('CrimsonSpinks','Vestibulum nec egestas lorem. Phasellus euismod neque ut vehicula lobortis. Nulla posuere euismod dignissim. Donec vel eros pellentesque, fermentum arcu id, mollis dui. Sed libero.');
insert into Monster values(10,'CherryPissedWhale','CrockedGold',5,100,'F');
insert into Hunting_missions values(425,NULL,10,716516,211245,'Aenean cursus elit arcu, eget porttitor lacus pharetra sed. Etiam quis tristique urna. Nulla ut orci orci. Curabitur eu justo ut mi placerat rhoncus id.','2017-08-11',NULL,NULL,NULL,NULL);
insert into Hunting_missions_difficulty values('S',716516,211245);
insert into MMission_has_Monster values(425,7);
insert into Item_Foraging_Mission values(10,NULL,4,'2017-08-11','Pellentesque habitant morbi tristique senectus et netus et malesuada fames ac turpis egestas. Nullam eget ullamcorper arcu. Curabitur dictum nisl condimentum mauris semper, et scelerisque.',467970,443071,NULL,NULL,NULL,NULL);
insert into Item_Mission_Difficulty values('S',467970,443071);
insert into IMission_has_Item(10,9);
insert into Item values(97,11,NULL,'OnyxHance','C',12,640);
insert into Item_Name values('OnyxHance','Nulla eget faucibus ipsum. Curabitur vehicula feugiat magna, ac vehicula leo mattis at. Sed sapien ipsum, vehicula at lectus id, viverra ullamcorper erat. Nam sit.');
insert into Monster values(11,'GreyTristeelephant','SunkAuburn',44,100,'F');
insert into Hunting_missions values(943,NULL,11,359426,253718,'Nulla eget faucibus ipsum. Curabitur vehicula feugiat magna, ac vehicula leo mattis at. Sed sapien ipsum, vehicula at lectus id, viverra ullamcorper erat. Nam sit.','2017-08-11',NULL,NULL,NULL,NULL);
insert into Hunting_missions_difficulty values('S',359426,253718);
insert into MMission_has_Monster values(943,10);
insert into Item_Foraging_Mission values(11,NULL,7,'2017-08-11','Vestibulum nec egestas lorem. Phasellus euismod neque ut vehicula lobortis. Nulla posuere euismod dignissim. Donec vel eros pellentesque, fermentum arcu id, mollis dui. Sed libero.',697387,286708,NULL,NULL,NULL,NULL);
insert into Item_Mission_Difficulty values('A',697387,286708);
insert into IMission_has_Item(11,4);
insert into Item values(83,12,NULL,'YellowCrans','C',74,43);
insert into Item_Name values('YellowCrans','Cras facilisis, ligula quis tempor finibus, erat ex pharetra metus, eu blandit ligula magna eu sem. Mauris imperdiet mauris tellus, nec vestibulum justo hendrerit eu. Nulla luctus erat in est tempus luctus. Praesent in elit ex. Pellentesque mattis justo vel ipsum molestie, eu aliquet neque finibus. Donec malesuada risus id.');
insert into Monster values(12,'TurquoiseChoiceKouprey','FarBronze',116,100,'T');
insert into Hunting_missions values(696,NULL,12,241095,79722,'Fusce sed ipsum a dui dapibus dictum luctus eget massa. Nullam sem sem, iaculis id metus ut, pulvinar blandit purus. Nullam tristique nisl eget arcu.','2017-08-11',NULL,NULL,NULL,NULL);
insert into Hunting_missions_difficulty values('A',241095,79722);
insert into MMission_has_Monster values(696,9);
insert into Item_Foraging_Mission values(12,NULL,9,'2017-08-11','Fusce sed ipsum a dui dapibus dictum luctus eget massa. Nullam sem sem, iaculis id metus ut, pulvinar blandit purus. Nullam tristique nisl eget arcu.',943209,89660,NULL,NULL,NULL,NULL);
insert into Item_Mission_Difficulty values('S',943209,89660);
insert into IMission_has_Item(12,10);
insert into Item values(15,13,NULL,'LimeStints','B',40,6737);
insert into Item_Name values('LimeStints','Suspendisse porttitor dignissim sem, eu faucibus metus fringilla ut. Fusce massa enim, dictum quis tristique sed, tristique quis enim. In lectus sapien, cursus vel ultrices.');
insert into Monster values(13,'TurquoiseKeptparrot','CurBrown',68,100,'F');
insert into Hunting_missions values(592,NULL,13,43316,135913,'Suspendisse porttitor dignissim sem, eu faucibus metus fringilla ut. Fusce massa enim, dictum quis tristique sed, tristique quis enim. In lectus sapien, cursus vel ultrices.','2017-08-11',NULL,NULL,NULL,NULL);
insert into Hunting_missions_difficulty values('E',43316,135913);
insert into MMission_has_Monster values(592,10);
insert into Item_Foraging_Mission values(13,NULL,2,'2017-08-11','Nullam et viverra magna. Aenean semper eget mauris a pulvinar. Vestibulum in commodo est. Aenean fringilla mattis lacinia. Nullam quis accumsan enim, sed dapibus ex. Proin vehicula, ante eu ultricies eleifend, mi felis lobortis massa, ac venenatis orci tellus ut ligula. Duis convallis nisi pretium, venenatis tellus condimentum, facilisis velit.',225370,209744,NULL,NULL,NULL,NULL);
insert into Item_Mission_Difficulty values('A',225370,209744);
insert into IMission_has_Item(13,1);
insert into Item values(88,14,NULL,'RubyScene','D',64,639);
insert into Item_Name values('RubyScene','Ut sit amet lectus lorem. Proin hendrerit diam et metus eleifend, quis pulvinar ligula rutrum. Aliquam nec vestibulum elit. Aliquam ut vestibulum velit, id venenatis.');
insert into Monster values(14,'GoldSmokedtoad','NumbOrange',32,100,'T');
insert into Hunting_missions values(330,NULL,14,959866,433743,'Fusce sed ipsum a dui dapibus dictum luctus eget massa. Nullam sem sem, iaculis id metus ut, pulvinar blandit purus. Nullam tristique nisl eget arcu.','2017-08-11',NULL,NULL,NULL,NULL);
insert into Hunting_missions_difficulty values('S',959866,433743);
insert into MMission_has_Monster values(330,7);
insert into Item_Foraging_Mission values(14,NULL,1,'2017-08-11','Vestibulum nec egestas lorem. Phasellus euismod neque ut vehicula lobortis. Nulla posuere euismod dignissim. Donec vel eros pellentesque, fermentum arcu id, mollis dui. Sed libero.',687940,457887,NULL,NULL,NULL,NULL);
insert into Item_Mission_Difficulty values('A',687940,457887);
insert into IMission_has_Item(14,2);
