insert into Hunter_experience values(9286,100);
insert into Hunter values(0,'Posh Burn',62,'F',9286,339456,NULL);
insert into Team values('Tough Helps','C',0);
insert into MissionHolder_reputation values(9488983,'S');
insert into MissionHolder values(0,48,'Scorched Dohs',9488983);
insert into Hunter_experience values(5389,50);
insert into Hunter values(1,'Sought Polks',80,'F',5389,970936,NULL);
insert into MissionHolder_reputation values(8475930,'S');
insert into MissionHolder values(1,23,'Blond Schuyt',8475930);
insert into Hunter_experience values(1183,10);
insert into Hunter values(2,'Fledged Warps',88,'F',1183,786176,NULL);
insert into Team values('Sheared Dross','C',2);
insert into MissionHolder_reputation values(1685709,'S');
insert into MissionHolder values(2,42,'Chance Dunes',1685709);
insert into Hunter_experience values(9101,100);
insert into Hunter values(3,'Incog Lurch',87,'M',9101,627661,NULL);
insert into MissionHolder_reputation values(2000690,'S');
insert into MissionHolder values(3,58,'Smoked Kills',2000690);
insert into Hunter_experience values(1303,10);
insert into Hunter values(4,'Incog Foy',94,'F',1303,30969,NULL);
insert into Team values('Coarse Roar','E',4);
insert into MissionHolder_reputation values(2075392,'S');
insert into MissionHolder values(4,41,'Manned Ghoul',2075392);
insert into Hunter_experience values(1673,10);
insert into Hunter values(5,'Waur Blooms',12,'M',1673,529953,NULL);
insert into MissionHolder_reputation values(2544477,'S');
insert into MissionHolder values(5,94,'Neat Threat',2544477);
insert into Hunter_experience values(6509,50);
insert into Hunter values(6,'Halt Sylphs',95,'F',6509,23016,NULL);
insert into Team values('Fore Thwart','C',6);
insert into MissionHolder_reputation values(8771012,'S');
insert into MissionHolder values(6,45,'Metal Hob',8771012);
insert into Hunter_experience values(3435,25);
insert into Hunter values(7,'Log Lift',94,'M',3435,890547,NULL);
insert into MissionHolder_reputation values(2239492,'S');
insert into MissionHolder values(7,87,'Quits Preens',2239492);
insert into Hunter_experience values(1668,10);
insert into Hunter values(8,'Moire Rents',2,'M',1668,338514,NULL);
insert into Team values('Dull Knobs','A',8);
insert into MissionHolder_reputation values(9773677,'S');
insert into MissionHolder values(8,76,'Dang Comps',9773677);
insert into Hunter_experience values(9543,100);
insert into Hunter values(9,'Mute Yoke',35,'M',9543,746276,NULL);
insert into MissionHolder_reputation values(2179229,'S');
insert into MissionHolder values(9,82,'Brute Vang',2179229);
insert into Hunter_experience values(1057,10);
insert into Hunter values(10,'Smashed Jeep',69,'M',1057,356442,NULL);
insert into Team values('Brag Chock','B',10);
insert into MissionHolder_reputation values(6315587,'S');
insert into MissionHolder values(10,8,'Both Tai',6315587);
insert into Hunter_experience values(4604,25);
insert into Hunter values(11,'Blae Limb',50,'M',4604,734853,NULL);
insert into MissionHolder_reputation values(4580590,'S');
insert into MissionHolder values(11,87,'Few Squids',4580590);
insert into Hunter_experience values(6967,50);
insert into Hunter values(12,'Grum Schism',86,'F',6967,737192,NULL);
insert into Team values('Pouched Yapp','B',12);
insert into MissionHolder_reputation values(9414503,'S');
insert into MissionHolder values(12,89,'Tongued Jarls',9414503);
insert into Hunter_experience values(5795,50);
insert into Hunter values(13,'Dull Whaups',60,'M',5795,762178,NULL);
insert into MissionHolder_reputation values(2018405,'S');
insert into MissionHolder values(13,31,'Rapt Neighs',2018405);
insert into Hunter_experience values(9727,100);
insert into Hunter values(14,'Piled Yapp',40,'M',9727,957712,NULL);
insert into Team values('Skew Ducks','C',14);
insert into MissionHolder_reputation values(2857514,'S');
insert into MissionHolder values(14,60,'Glazed Heeds',2857514);
insert into Hunter_experience values(5323,50);
insert into Hunter values(15,'Masked Crone',89,'M',5323,573820,NULL);
insert into MissionHolder_reputation values(3932042,'S');
insert into MissionHolder values(15,0,'Chance Globs',3932042);
insert into Hunter_experience values(353,1);
insert into Hunter values(16,'Kempt Glint',85,'F',353,809702,NULL);
insert into Team values('Lashed Dap','D',16);
insert into MissionHolder_reputation values(3902923,'S');
insert into MissionHolder values(16,38,'Crined Pup',3902923);
insert into Hunter_experience values(5932,50);
insert into Hunter values(17,'Kitsch Swap',39,'F',5932,330389,NULL);
insert into MissionHolder_reputation values(5632307,'S');
insert into MissionHolder values(17,34,'Over Shoals',5632307);
insert into Hunter_experience values(5980,50);
insert into Hunter values(18,'Treed Ping',49,'F',5980,210314,NULL);
insert into Team values('Grum Feoffs','S',18);
insert into MissionHolder_reputation values(211783,'B');
insert into MissionHolder values(18,13,'Drear Boot',211783);
insert into Hunter_experience values(994,1);
insert into Hunter values(19,'Grown Spinks',83,'F',994,828274,NULL);
insert into MissionHolder_reputation values(5705575,'S');
insert into MissionHolder values(19,63,'Dried Swag',5705575);
insert into Item values(1,1,NULL,'PurpleAlts','A',5,34949);
insert into Item_Name values('PurpleAlts','Vestibulum nec egestas lorem. Phasellus euismod neque ut vehicula lobortis. Nulla posuere euismod dignissim. Donec vel eros pellentesque, fermentum arcu id, mollis dui. Sed libero.');
insert into Monster values(1,'VanillaBoundgoose','SnubTurquoise',147,100,'F');
insert into Hunting_missions values(705,NULL,1,247954,396511,'Cras facilisis, ligula quis tempor finibus, erat ex pharetra metus, eu blandit ligula magna eu sem. Mauris imperdiet mauris tellus, nec vestibulum justo hendrerit eu. Nulla luctus erat in est tempus luctus. Praesent in elit ex. Pellentesque mattis justo vel ipsum molestie, eu aliquet neque finibus. Donec malesuada risus id.','2017-08-11',NULL,NULL,NULL,NULL);
insert into Hunting_missions_difficulty values('S',247954,396511);
insert into MMission_has_Monster values(705,0);
insert into Item_Foraging_Mission values(1,NULL,0,'2017-08-11','Nullam et viverra magna. Aenean semper eget mauris a pulvinar. Vestibulum in commodo est. Aenean fringilla mattis lacinia. Nullam quis accumsan enim, sed dapibus ex. Proin vehicula, ante eu ultricies eleifend, mi felis lobortis massa, ac venenatis orci tellus ut ligula. Duis convallis nisi pretium, venenatis tellus condimentum, facilisis velit.',543056,410267,NULL,NULL,NULL,NULL);
insert into Item_Mission_Difficulty values('A',543056,410267);
insert into IMission_has_Item values(1,1);
insert into Item values(2,2,NULL,'MaroonShotts','E',90,354);
insert into Item_Name values('MaroonShotts','Quisque aliquam magna ac pellentesque aliquet. Ut a magna vitae odio consequat faucibus vitae non felis. Morbi sodales auctor tristique. Nam eu mi quis erat.');
insert into Monster values(2,'CherrySoothGrouse','ShutTurquoise',104,100,'T');
insert into Hunting_missions values(490,NULL,2,135959,474476,'Nulla eget faucibus ipsum. Curabitur vehicula feugiat magna, ac vehicula leo mattis at. Sed sapien ipsum, vehicula at lectus id, viverra ullamcorper erat. Nam sit.','2017-08-11',NULL,NULL,NULL,NULL);
insert into Hunting_missions_difficulty values('A',135959,474476);
insert into MMission_has_Monster values(490,0);
insert into Item_Foraging_Mission values(2,NULL,0,'2017-08-11','Aenean cursus elit arcu, eget porttitor lacus pharetra sed. Etiam quis tristique urna. Nulla ut orci orci. Curabitur eu justo ut mi placerat rhoncus id.',271303,219137,NULL,NULL,NULL,NULL);
insert into Item_Mission_Difficulty values('A',271303,219137);
insert into IMission_has_Item values(2,1);
insert into Item values(3,3,NULL,'AzureBurg','B',67,5950);
insert into Item_Name values('AzureBurg','Fusce sed ipsum a dui dapibus dictum luctus eget massa. Nullam sem sem, iaculis id metus ut, pulvinar blandit purus. Nullam tristique nisl eget arcu.');
insert into Monster values(3,'PersimmonLownOctopus','PickedLavender',50,100,'T');
insert into Hunting_missions values(329,NULL,3,351157,80944,'Ut sit amet lectus lorem. Proin hendrerit diam et metus eleifend, quis pulvinar ligula rutrum. Aliquam nec vestibulum elit. Aliquam ut vestibulum velit, id venenatis.','2017-08-11',NULL,NULL,NULL,NULL);
insert into Hunting_missions_difficulty values('S',351157,80944);
insert into MMission_has_Monster values(329,2);
insert into Item_Foraging_Mission values(3,NULL,0,'2017-08-11','Cras scelerisque in elit vel pharetra. Nulla posuere neque metus. In accumsan quis ex a luctus. Curabitur nec varius mi. Donec sit amet est vel.',84319,512550,NULL,NULL,NULL,NULL);
insert into Item_Mission_Difficulty values('S',84319,512550);
insert into IMission_has_Item values(3,2);
insert into Item values(4,4,NULL,'ChartreuseWaist','S',79,254784);
insert into Item_Name values('ChartreuseWaist','Suspendisse porttitor dignissim sem, eu faucibus metus fringilla ut. Fusce massa enim, dictum quis tristique sed, tristique quis enim. In lectus sapien, cursus vel ultrices.');
insert into Monster values(4,'ChartreuseAinPorpoise','UsedSienna',63,100,'T');
insert into Hunting_missions values(982,NULL,4,900847,3119,'Ut sit amet lectus lorem. Proin hendrerit diam et metus eleifend, quis pulvinar ligula rutrum. Aliquam nec vestibulum elit. Aliquam ut vestibulum velit, id venenatis.','2017-08-11',NULL,NULL,NULL,NULL);
insert into Hunting_missions_difficulty values('A',900847,3119);
insert into MMission_has_Monster values(982,3);
insert into Item_Foraging_Mission values(4,NULL,0,'2017-08-11','Fusce sed ipsum a dui dapibus dictum luctus eget massa. Nullam sem sem, iaculis id metus ut, pulvinar blandit purus. Nullam tristique nisl eget arcu.',878189,467352,NULL,NULL,NULL,NULL);
insert into Item_Mission_Difficulty values('S',878189,467352);
insert into IMission_has_Item values(4,2);
insert into Item values(5,5,NULL,'LimeBiog','E',35,174);
insert into Item_Name values('LimeBiog','Cras facilisis, ligula quis tempor finibus, erat ex pharetra metus, eu blandit ligula magna eu sem. Mauris imperdiet mauris tellus, nec vestibulum justo hendrerit eu. Nulla luctus erat in est tempus luctus. Praesent in elit ex. Pellentesque mattis justo vel ipsum molestie, eu aliquet neque finibus. Donec malesuada risus id.');
insert into Monster values(5,'BlueSuperViper','PeartWhite',31,100,'T');
insert into Hunting_missions values(581,NULL,5,332109,585211,'Aenean cursus elit arcu, eget porttitor lacus pharetra sed. Etiam quis tristique urna. Nulla ut orci orci. Curabitur eu justo ut mi placerat rhoncus id.','2017-08-11',NULL,NULL,NULL,NULL);
insert into Hunting_missions_difficulty values('S',332109,585211);
insert into MMission_has_Monster values(581,1);
insert into Item_Foraging_Mission values(5,NULL,1,'2017-08-11','Praesent orci tortor, ullamcorper vel nunc non, luctus ultrices turpis. Cras ornare, purus eget suscipit dictum, dui lorem euismod erat, vel malesuada lacus dolor fermentum.',597762,509177,NULL,NULL,NULL,NULL);
insert into Item_Mission_Difficulty values('A',597762,509177);
insert into IMission_has_Item values(5,1);
insert into Item values(6,6,NULL,'TurquoiseZarfs','E',9,133);
insert into Item_Name values('TurquoiseZarfs','Aenean cursus elit arcu, eget porttitor lacus pharetra sed. Etiam quis tristique urna. Nulla ut orci orci. Curabitur eu justo ut mi placerat rhoncus id.');
insert into Monster values(6,'AmberFellLyrebird','ElectBronze',24,100,'F');
insert into Hunting_missions values(358,NULL,6,569046,163411,'Integer turpis arcu, ultricies pulvinar metus at, ultricies commodo purus. Duis in enim semper tortor sagittis egestas. Phasellus rhoncus vel nisl sit amet gravida. Donec.','2017-08-11',NULL,NULL,NULL,NULL);
insert into Hunting_missions_difficulty values('S',569046,163411);
insert into MMission_has_Monster values(358,2);
insert into Item_Foraging_Mission values(6,NULL,3,'2017-08-11','Cras scelerisque in elit vel pharetra. Nulla posuere neque metus. In accumsan quis ex a luctus. Curabitur nec varius mi. Donec sit amet est vel.',303232,87949,NULL,NULL,NULL,NULL);
insert into Item_Mission_Difficulty values('B',303232,87949);
insert into IMission_has_Item values(6,2);
insert into Item values(7,7,NULL,'ChartreuseGoo','E',92,99);
insert into Item_Name values('ChartreuseGoo','Sed sed eros nec velit ornare euismod id ut dolor. Etiam turpis ligula, viverra eget hendrerit eu, suscipit et urna. Maecenas consequat metus ut odio lobortis tristique. Phasellus tincidunt eros et commodo pulvinar. Nam vel mollis tortor. Suspendisse potenti. Morbi vel rutrum nunc. Vestibulum eget ex eu erat convallis fermentum.');
insert into Monster values(7,'RoseArchYak','GlazedMagenta',98,100,'T');
insert into Hunting_missions values(935,NULL,7,197897,349890,'Suspendisse porttitor dignissim sem, eu faucibus metus fringilla ut. Fusce massa enim, dictum quis tristique sed, tristique quis enim. In lectus sapien, cursus vel ultrices.','2017-08-11',NULL,NULL,NULL,NULL);
insert into Hunting_missions_difficulty values('A',197897,349890);
insert into MMission_has_Monster values(935,6);
insert into Item_Foraging_Mission values(7,NULL,6,'2017-08-11','Quisque aliquam magna ac pellentesque aliquet. Ut a magna vitae odio consequat faucibus vitae non felis. Morbi sodales auctor tristique. Nam eu mi quis erat.',604669,409056,NULL,NULL,NULL,NULL);
insert into Item_Mission_Difficulty values('S',604669,409056);
insert into IMission_has_Item values(7,5);
insert into Item values(8,8,NULL,'CherryThroe','B',22,2443);
insert into Item_Name values('CherryThroe','Nulla eget faucibus ipsum. Curabitur vehicula feugiat magna, ac vehicula leo mattis at. Sed sapien ipsum, vehicula at lectus id, viverra ullamcorper erat. Nam sit.');
insert into Monster values(8,'AuburnLitbird','FoldGold',97,100,'F');
insert into Hunting_missions values(52,NULL,8,444568,516770,'Ut sit amet lectus lorem. Proin hendrerit diam et metus eleifend, quis pulvinar ligula rutrum. Aliquam nec vestibulum elit. Aliquam ut vestibulum velit, id venenatis.','2017-08-11',NULL,NULL,NULL,NULL);
insert into Hunting_missions_difficulty values('A',444568,516770);
insert into MMission_has_Monster values(52,5);
insert into Item_Foraging_Mission values(8,NULL,2,'2017-08-11','Cras facilisis, ligula quis tempor finibus, erat ex pharetra metus, eu blandit ligula magna eu sem. Mauris imperdiet mauris tellus, nec vestibulum justo hendrerit eu. Nulla luctus erat in est tempus luctus. Praesent in elit ex. Pellentesque mattis justo vel ipsum molestie, eu aliquet neque finibus. Donec malesuada risus id.',684359,262032,NULL,NULL,NULL,NULL);
insert into Item_Mission_Difficulty values('A',684359,262032);
insert into IMission_has_Item values(8,1);
insert into Item values(9,9,NULL,'IvoryPoops','C',6,383);
insert into Item_Name values('IvoryPoops','Quisque aliquam magna ac pellentesque aliquet. Ut a magna vitae odio consequat faucibus vitae non felis. Morbi sodales auctor tristique. Nam eu mi quis erat.');
insert into Monster values(9,'VanillaGrilledBaboon','SureOnyx',96,100,'F');
insert into Hunting_missions values(305,NULL,9,655172,336822,'Sed sed eros nec velit ornare euismod id ut dolor. Etiam turpis ligula, viverra eget hendrerit eu, suscipit et urna. Maecenas consequat metus ut odio lobortis tristique. Phasellus tincidunt eros et commodo pulvinar. Nam vel mollis tortor. Suspendisse potenti. Morbi vel rutrum nunc. Vestibulum eget ex eu erat convallis fermentum.','2017-08-11',NULL,NULL,NULL,NULL);
insert into Hunting_missions_difficulty values('A',655172,336822);
insert into MMission_has_Monster values(305,1);
insert into Item_Foraging_Mission values(9,NULL,2,'2017-08-11','Cras scelerisque in elit vel pharetra. Nulla posuere neque metus. In accumsan quis ex a luctus. Curabitur nec varius mi. Donec sit amet est vel.',795920,122391,NULL,NULL,NULL,NULL);
insert into Item_Mission_Difficulty values('A',795920,122391);
insert into IMission_has_Item values(9,8);
insert into Item values(10,10,NULL,'GoldTripes','D',18,770);
insert into Item_Name values('GoldTripes','Cras facilisis, ligula quis tempor finibus, erat ex pharetra metus, eu blandit ligula magna eu sem. Mauris imperdiet mauris tellus, nec vestibulum justo hendrerit eu. Nulla luctus erat in est tempus luctus. Praesent in elit ex. Pellentesque mattis justo vel ipsum molestie, eu aliquet neque finibus. Donec malesuada risus id.');
insert into Monster values(10,'GreyTwinnedDeer','PiqueWhite',1,100,'T');
insert into Hunting_missions values(129,NULL,10,695227,554365,'Sed sed eros nec velit ornare euismod id ut dolor. Etiam turpis ligula, viverra eget hendrerit eu, suscipit et urna. Maecenas consequat metus ut odio lobortis tristique. Phasellus tincidunt eros et commodo pulvinar. Nam vel mollis tortor. Suspendisse potenti. Morbi vel rutrum nunc. Vestibulum eget ex eu erat convallis fermentum.','2017-08-11',NULL,NULL,NULL,NULL);
insert into Hunting_missions_difficulty values('S',695227,554365);
insert into MMission_has_Monster values(129,1);
insert into Item_Foraging_Mission values(10,NULL,4,'2017-08-11','Cras facilisis, ligula quis tempor finibus, erat ex pharetra metus, eu blandit ligula magna eu sem. Mauris imperdiet mauris tellus, nec vestibulum justo hendrerit eu. Nulla luctus erat in est tempus luctus. Praesent in elit ex. Pellentesque mattis justo vel ipsum molestie, eu aliquet neque finibus. Donec malesuada risus id.',793634,498465,NULL,NULL,NULL,NULL);
insert into Item_Mission_Difficulty values('A',793634,498465);
insert into IMission_has_Item values(10,2);
insert into Item values(11,11,NULL,'YellowChields','C',34,35);
insert into Item_Name values('YellowChields','Cras scelerisque in elit vel pharetra. Nulla posuere neque metus. In accumsan quis ex a luctus. Curabitur nec varius mi. Donec sit amet est vel.');
insert into Monster values(11,'WhiteSwitchelephant','DonePurple',13,100,'T');
insert into Hunting_missions values(166,NULL,11,457786,115040,'Integer turpis arcu, ultricies pulvinar metus at, ultricies commodo purus. Duis in enim semper tortor sagittis egestas. Phasellus rhoncus vel nisl sit amet gravida. Donec.','2017-08-11',NULL,NULL,NULL,NULL);
insert into Hunting_missions_difficulty values('A',457786,115040);
insert into MMission_has_Monster values(166,5);
insert into Item_Foraging_Mission values(11,NULL,10,'2017-08-11','Cras scelerisque in elit vel pharetra. Nulla posuere neque metus. In accumsan quis ex a luctus. Curabitur nec varius mi. Donec sit amet est vel.',304552,322028,NULL,NULL,NULL,NULL);
insert into Item_Mission_Difficulty values('S',304552,322028);
insert into IMission_has_Item values(11,8);
insert into Item values(12,12,NULL,'PeachGliff','C',39,646);
insert into Item_Name values('PeachGliff','Nulla eget faucibus ipsum. Curabitur vehicula feugiat magna, ac vehicula leo mattis at. Sed sapien ipsum, vehicula at lectus id, viverra ullamcorper erat. Nam sit.');
insert into Monster values(12,'VanillaTradsheep','SnodMaroon',95,100,'F');
insert into Hunting_missions values(775,NULL,12,736145,411383,'Cras facilisis, ligula quis tempor finibus, erat ex pharetra metus, eu blandit ligula magna eu sem. Mauris imperdiet mauris tellus, nec vestibulum justo hendrerit eu. Nulla luctus erat in est tempus luctus. Praesent in elit ex. Pellentesque mattis justo vel ipsum molestie, eu aliquet neque finibus. Donec malesuada risus id.','2017-08-11',NULL,NULL,NULL,NULL);
insert into Hunting_missions_difficulty values('S',736145,411383);
insert into MMission_has_Monster values(775,7);
insert into Item_Foraging_Mission values(12,NULL,6,'2017-08-11','Vestibulum nec egestas lorem. Phasellus euismod neque ut vehicula lobortis. Nulla posuere euismod dignissim. Donec vel eros pellentesque, fermentum arcu id, mollis dui. Sed libero.',129692,465552,NULL,NULL,NULL,NULL);
insert into Item_Mission_Difficulty values('S',129692,465552);
insert into IMission_has_Item values(12,7);
insert into Item values(13,13,NULL,'AuburnPours','E',35,222);
insert into Item_Name values('AuburnPours','Quisque aliquam magna ac pellentesque aliquet. Ut a magna vitae odio consequat faucibus vitae non felis. Morbi sodales auctor tristique. Nam eu mi quis erat.');
insert into Monster values(13,'TurquoiseGruffCrab','SedgedPersimmon',11,100,'F');
insert into Hunting_missions values(404,NULL,13,985999,240804,'Pellentesque habitant morbi tristique senectus et netus et malesuada fames ac turpis egestas. Nullam eget ullamcorper arcu. Curabitur dictum nisl condimentum mauris semper, et scelerisque.','2017-08-11',NULL,NULL,NULL,NULL);
insert into Hunting_missions_difficulty values('S',985999,240804);
insert into MMission_has_Monster values(404,2);
insert into Item_Foraging_Mission values(13,NULL,7,'2017-08-11','Fusce sed ipsum a dui dapibus dictum luctus eget massa. Nullam sem sem, iaculis id metus ut, pulvinar blandit purus. Nullam tristique nisl eget arcu.',90326,34763,NULL,NULL,NULL,NULL);
insert into Item_Mission_Difficulty values('A',90326,34763);
insert into IMission_has_Item values(13,10);
insert into Item values(14,14,NULL,'OrangeCorves','S',33,949630);
insert into Item_Name values('OrangeCorves','Praesent orci tortor, ullamcorper vel nunc non, luctus ultrices turpis. Cras ornare, purus eget suscipit dictum, dui lorem euismod erat, vel malesuada lacus dolor fermentum.');
insert into Monster values(14,'YellowManedGalago','CannedViolet',54,100,'T');
insert into Hunting_missions values(769,NULL,14,495271,512591,'Nullam et viverra magna. Aenean semper eget mauris a pulvinar. Vestibulum in commodo est. Aenean fringilla mattis lacinia. Nullam quis accumsan enim, sed dapibus ex. Proin vehicula, ante eu ultricies eleifend, mi felis lobortis massa, ac venenatis orci tellus ut ligula. Duis convallis nisi pretium, venenatis tellus condimentum, facilisis velit.','2017-08-11',NULL,NULL,NULL,NULL);
insert into Hunting_missions_difficulty values('S',495271,512591);
insert into MMission_has_Monster values(769,9);
insert into Item_Foraging_Mission values(14,NULL,13,'2017-08-11','Cras scelerisque in elit vel pharetra. Nulla posuere neque metus. In accumsan quis ex a luctus. Curabitur nec varius mi. Donec sit amet est vel.',185383,233497,NULL,NULL,NULL,NULL);
insert into Item_Mission_Difficulty values('B',185383,233497);
insert into IMission_has_Item values(14,1);
