insert into Hunter_experience values(4686,25);
insert into Hunter values(0,'Thru Ding',32,'F',4686,591011,NULL);
insert into Team values('Moist Baht','B',0);
insert into MissionHolder_reputation values(1542581,'S');
insert into MissionHolder values(0,6,'Gauche Thyrse',1542581);
insert into Hunter_experience values(5643,50);
insert into Hunter values(1,'Slick Wharves',77,'M',5643,769662,NULL);
insert into MissionHolder_reputation values(3651045,'S');
insert into MissionHolder values(1,22,'Thwart Chrism',3651045);
insert into Hunter_experience values(7956,50);
insert into Hunter values(2,'Scalled Draught',10,'F',7956,737676,NULL);
insert into Team values('Swish Drink','C',2);
insert into MissionHolder_reputation values(9679552,'S');
insert into MissionHolder values(2,33,'Dure Fix',9679552);
insert into Hunter_experience values(9671,100);
insert into Hunter values(3,'Blate Rance',44,'F',9671,378042,NULL);
insert into MissionHolder_reputation values(1476856,'S');
insert into MissionHolder values(3,53,'Thraw Kobs',1476856);
insert into Hunter_experience values(2086,10);
insert into Hunter values(4,'Squab Burps',56,'M',2086,705424,NULL);
insert into Team values('Mute Sherds','B',4);
insert into MissionHolder_reputation values(4916768,'S');
insert into MissionHolder values(4,18,'Staid Taupes',4916768);
insert into Hunter_experience values(9151,100);
insert into Hunter values(5,'Dryer Lull',19,'F',9151,397268,NULL);
insert into MissionHolder_reputation values(8472114,'S');
insert into MissionHolder values(5,52,'Milled Plop',8472114);
insert into Hunter_experience values(8498,50);
insert into Hunter values(6,'Blest Wain',35,'F',8498,461036,NULL);
insert into Team values('Thrawn Gyres','S',6);
insert into MissionHolder_reputation values(4372483,'S');
insert into MissionHolder values(6,8,'Thrawn Stretch',4372483);
insert into Hunter_experience values(8940,50);
insert into Hunter values(7,'Twin Zarfs',36,'M',8940,887980,NULL);
insert into MissionHolder_reputation values(5697688,'S');
insert into MissionHolder values(7,64,'Pique Sleights',5697688);
insert into Hunter_experience values(8077,50);
insert into Hunter values(8,'Marked Stye',2,'M',8077,816253,NULL);
insert into Team values('Marked Prunt','A',8);
insert into MissionHolder_reputation values(8987384,'S');
insert into MissionHolder values(8,6,'Mzee Mong',8987384);
insert into Hunter_experience values(6861,50);
insert into Hunter values(9,'Sad Cask',86,'M',6861,145166,NULL);
insert into MissionHolder_reputation values(5255623,'S');
insert into MissionHolder values(9,5,'Hurt Ruff',5255623);
insert into Item values(84,0,NULL,'PurpleSlicks','B',85,6911);
insert into Item_Name values('PurpleSlicks','Praesent orci tortor, ullamcorper vel nunc non, luctus ultrices turpis. Cras ornare, purus eget suscipit dictum, dui lorem euismod erat, vel malesuada lacus dolor fermentum.');
insert into Monster values(0,'CrimsonNeshgiraffe','GlibBlue',64,100,'T');
insert into Hunting_missions values(734,NULL,0,757089,156571,'Suspendisse porttitor dignissim sem, eu faucibus metus fringilla ut. Fusce massa enim, dictum quis tristique sed, tristique quis enim. In lectus sapien, cursus vel ultrices.','2017-08-11',NULL,NULL,NULL,NULL);
insert into Hunting_missions_difficulty values('S',757089,156571);
insert into MMission_has_Monster values(734,5);
insert into Item values(42,1,NULL,'CopperDredge','S',67,36887);
insert into Item_Name values('CopperDredge','Aenean cursus elit arcu, eget porttitor lacus pharetra sed. Etiam quis tristique urna. Nulla ut orci orci. Curabitur eu justo ut mi placerat rhoncus id.');
insert into Monster values(1,'IndigoLeafedDugong','RaptBrown',88,100,'F');
insert into Hunting_missions values(414,NULL,1,510701,311549,'Vestibulum nec egestas lorem. Phasellus euismod neque ut vehicula lobortis. Nulla posuere euismod dignissim. Donec vel eros pellentesque, fermentum arcu id, mollis dui. Sed libero.','2017-08-11',NULL,NULL,NULL,NULL);
insert into Hunting_missions_difficulty values('A',510701,311549);
insert into MMission_has_Monster values(414,1);
insert into Item values(3,2,NULL,'BlackFlor','C',43,161);
insert into Item_Name values('BlackFlor','Cras scelerisque in elit vel pharetra. Nulla posuere neque metus. In accumsan quis ex a luctus. Curabitur nec varius mi. Donec sit amet est vel.');
insert into Monster values(2,'RubyTiedOwl','KraalRuby',132,100,'T');
insert into Hunting_missions values(512,NULL,2,684209,436460,'Suspendisse porttitor dignissim sem, eu faucibus metus fringilla ut. Fusce massa enim, dictum quis tristique sed, tristique quis enim. In lectus sapien, cursus vel ultrices.','2017-08-11',NULL,NULL,NULL,NULL);
insert into Hunting_missions_difficulty values('S',684209,436460);
insert into MMission_has_Monster values(512,0);
insert into Item values(61,3,NULL,'PersimmonGarbs','B',81,3553);
insert into Item_Name values('PersimmonGarbs','Sed sed eros nec velit ornare euismod id ut dolor. Etiam turpis ligula, viverra eget hendrerit eu, suscipit et urna. Maecenas consequat metus ut odio lobortis tristique. Phasellus tincidunt eros et commodo pulvinar. Nam vel mollis tortor. Suspendisse potenti. Morbi vel rutrum nunc. Vestibulum eget ex eu erat convallis fermentum.');
insert into Monster values(3,'SalmonMatgoose','SapRed',43,100,'F');
insert into Hunting_missions values(518,NULL,3,599290,477176,'Ut sit amet lectus lorem. Proin hendrerit diam et metus eleifend, quis pulvinar ligula rutrum. Aliquam nec vestibulum elit. Aliquam ut vestibulum velit, id venenatis.','2017-08-11',NULL,NULL,NULL,NULL);
insert into Hunting_missions_difficulty values('S',599290,477176);
insert into MMission_has_Monster values(518,1);
insert into Item values(48,4,NULL,'AzureLens','A',66,6812);
insert into Item_Name values('AzureLens','Ut sit amet lectus lorem. Proin hendrerit diam et metus eleifend, quis pulvinar ligula rutrum. Aliquam nec vestibulum elit. Aliquam ut vestibulum velit, id venenatis.');
insert into Monster values(4,'BlueDullcrocodile','NutsLavender',31,100,'T');
insert into Hunting_missions values(806,NULL,4,712037,112499,'Aenean cursus elit arcu, eget porttitor lacus pharetra sed. Etiam quis tristique urna. Nulla ut orci orci. Curabitur eu justo ut mi placerat rhoncus id.','2017-08-11',NULL,NULL,NULL,NULL);
insert into Hunting_missions_difficulty values('S',712037,112499);
insert into MMission_has_Monster values(806,6);
insert into Item values(2,5,NULL,'GoldTiff','A',78,22547);
insert into Item_Name values('GoldTiff','Integer turpis arcu, ultricies pulvinar metus at, ultricies commodo purus. Duis in enim semper tortor sagittis egestas. Phasellus rhoncus vel nisl sit amet gravida. Donec.');
insert into Monster values(5,'TurquoiseRuffedCaterpillar','GrumLime',90,100,'F');
insert into Hunting_missions values(513,NULL,5,214121,196486,'Pellentesque habitant morbi tristique senectus et netus et malesuada fames ac turpis egestas. Nullam eget ullamcorper arcu. Curabitur dictum nisl condimentum mauris semper, et scelerisque.','2017-08-11',NULL,NULL,NULL,NULL);
insert into Hunting_missions_difficulty values('A',214121,196486);
insert into MMission_has_Monster values(513,2);
insert into Item values(81,6,NULL,'TuscanTrier','C',73,727);
insert into Item_Name values('TuscanTrier','Pellentesque habitant morbi tristique senectus et netus et malesuada fames ac turpis egestas. Nullam eget ullamcorper arcu. Curabitur dictum nisl condimentum mauris semper, et scelerisque.');
insert into Monster values(6,'TurquoiseProneRaccoon','GraveCopper',61,100,'F');
insert into Hunting_missions values(1,NULL,6,933939,319623,'Sed sed eros nec velit ornare euismod id ut dolor. Etiam turpis ligula, viverra eget hendrerit eu, suscipit et urna. Maecenas consequat metus ut odio lobortis tristique. Phasellus tincidunt eros et commodo pulvinar. Nam vel mollis tortor. Suspendisse potenti. Morbi vel rutrum nunc. Vestibulum eget ex eu erat convallis fermentum.','2017-08-11',NULL,NULL,NULL,NULL);
insert into Hunting_missions_difficulty values('S',933939,319623);
insert into MMission_has_Monster values(1,5);
