insert into Hunter_experience values(9319,100);
insert into Hunter values(0,'Farm Linns',86,'F',9319,132611,NULL);
insert into Team values('Felt Mince','S',0);
insert into MissionHolder_reputation values(7602120,'S');
insert into MissionHolder values(0,51,'Forte Cwm',7602120);
insert into Hunter_experience values(5299,50);
insert into Hunter values(1,'Looped Snool',56,'M',5299,534510,NULL);
insert into MissionHolder_reputation values(8233612,'S');
insert into MissionHolder values(1,78,'Vain Snare',8233612);
insert into Hunter_experience values(7451,50);
insert into Hunter values(2,'Sliest Tsars',50,'F',7451,97404,NULL);
insert into Team values('Coarse Dude','E',2);
insert into MissionHolder_reputation values(204458,'B');
insert into MissionHolder values(2,99,'Slate Meats',204458);
insert into Hunter_experience values(2467,10);
insert into Hunter values(3,'Blunt Grubs',2,'M',2467,278311,NULL);
insert into MissionHolder_reputation values(1850261,'S');
insert into MissionHolder values(3,86,'Pseud Wisp',1850261);
insert into Hunter_experience values(5006,50);
insert into Hunter values(4,'Prone Plop',72,'M',5006,733085,NULL);
insert into Team values('Hoarse Birk','E',4);
insert into MissionHolder_reputation values(2644550,'S');
insert into MissionHolder values(4,91,'Tongued Oomph',2644550);
insert into Hunter_experience values(7132,50);
insert into Hunter values(5,'Vague Tuques',58,'F',7132,380455,NULL);
insert into MissionHolder_reputation values(3178439,'S');
insert into MissionHolder values(5,18,'Sold Tortes',3178439);
insert into Hunter_experience values(457,1);
insert into Hunter values(6,'Ninth Shrikes',76,'F',457,815934,NULL);
insert into Team values('Fit Use','S',6);
insert into MissionHolder_reputation values(2178412,'S');
insert into MissionHolder values(6,77,'Birk Clunks',2178412);
insert into Hunter_experience values(9653,100);
insert into Hunter values(7,'Swank Rounce',34,'M',9653,333748,NULL);
insert into MissionHolder_reputation values(5202826,'S');
insert into MissionHolder values(7,7,'Huge Bord',5202826);
insert into Hunter_experience values(4584,25);
insert into Hunter values(8,'Mooned Shakes',21,'F',4584,738142,NULL);
insert into Team values('Quaint Bancs','B',8);
insert into MissionHolder_reputation values(6614356,'S');
insert into MissionHolder values(8,53,'Size Haugh',6614356);
insert into Hunter_experience values(7947,50);
insert into Hunter values(9,'Cusped Lifts',58,'M',7947,560748,NULL);
insert into MissionHolder_reputation values(9637783,'S');
insert into MissionHolder values(9,80,'Paid Pokes',9637783);
insert into Hunter_experience values(5510,50);
insert into Hunter values(10,'Tops Leap',8,'F',5510,949536,NULL);
insert into Team values('Slung Griths','B',10);
insert into MissionHolder_reputation values(509582,'S');
insert into MissionHolder values(10,79,'Pocked Broods',509582);
insert into Hunter_experience values(2117,10);
insert into Hunter values(11,'Pitched Grime',56,'F',2117,695711,NULL);
insert into MissionHolder_reputation values(8363526,'S');
insert into MissionHolder values(11,29,'Tops Stoups',8363526);
insert into Hunter_experience values(7324,50);
insert into Hunter values(12,'Voiced Lud',30,'F',7324,975031,NULL);
insert into Team values('Paid Lem','E',12);
insert into MissionHolder_reputation values(4934893,'S');
insert into MissionHolder values(12,48,'Striped Mane',4934893);
insert into Hunter_experience values(8748,50);
insert into Hunter values(13,'Het Feeze',26,'M',8748,369829,NULL);
insert into MissionHolder_reputation values(8293334,'S');
insert into MissionHolder values(13,46,'Fold Tor',8293334);
insert into Hunter_experience values(4716,25);
insert into Hunter values(14,'Clean Snugs',54,'F',4716,445295,NULL);
insert into Team values('Posh Chirms','A',14);
insert into MissionHolder_reputation values(5877233,'S');
insert into MissionHolder values(14,97,'Flush Meus',5877233);
insert into Hunter_experience values(4347,25);
insert into Hunter values(15,'Tanked Sheds',92,'M',4347,704861,NULL);
insert into MissionHolder_reputation values(9696612,'S');
insert into MissionHolder values(15,45,'Braw Shunt',9696612);
insert into Hunter_experience values(8468,50);
insert into Hunter values(16,'Bobs Pimps',58,'M',8468,316881,NULL);
insert into Team values('Lown Filth','C',16);
insert into MissionHolder_reputation values(7048698,'S');
insert into MissionHolder values(16,79,'Scant Teg',7048698);
insert into Hunter_experience values(7697,50);
insert into Hunter values(17,'Slate Teaks',8,'M',7697,349346,NULL);
insert into MissionHolder_reputation values(3571731,'S');
insert into MissionHolder values(17,72,'Quaint Starts',3571731);
insert into Hunter_experience values(6023,50);
insert into Hunter values(18,'Paced Plunge',30,'F',6023,904248,NULL);
insert into Team values('Plumb Flinch','S',18);
insert into MissionHolder_reputation values(4260739,'S');
insert into MissionHolder values(18,81,'Waste Kyus',4260739);
insert into Hunter_experience values(6484,50);
insert into Hunter values(19,'Shy Bleed',12,'M',6484,412058,NULL);
insert into MissionHolder_reputation values(7826446,'S');
insert into MissionHolder values(19,30,'Tired Gaps',7826446);
insert into Item values(1,1,NULL,'GreyTailles','D',88,745);
insert into Item_Name values('GreyTailles','Aenean cursus elit arcu, eget porttitor lacus pharetra sed. Etiam quis tristique urna. Nulla ut orci orci. Curabitur eu justo ut mi placerat rhoncus id.');
insert into Monster values(1,'CherryBlondeHuman','SwankCopper',14,100,'F');
insert into Hunting_missions values(870,NULL,1,607737,321467,'Cras scelerisque in elit vel pharetra. Nulla posuere neque metus. In accumsan quis ex a luctus. Curabitur nec varius mi. Donec sit amet est vel.','2017-08-11',NULL,NULL,NULL,NULL);
insert into Hunting_missions_difficulty values('S',607737,321467);
insert into MMission_has_Monster values(870,0);
insert into Item_Foraging_Mission values(1,NULL,0,'2017-08-11','Praesent orci tortor, ullamcorper vel nunc non, luctus ultrices turpis. Cras ornare, purus eget suscipit dictum, dui lorem euismod erat, vel malesuada lacus dolor fermentum.',465686,186796,NULL,NULL,NULL,NULL);
insert into Item_Mission_Difficulty values('A',465686,186796);
insert into IMission_has_Item values(1,0);
insert into Item values(2,2,NULL,'BrownQuiz','S',59,83951);
insert into Item_Name values('BrownQuiz','Pellentesque habitant morbi tristique senectus et netus et malesuada fames ac turpis egestas. Nullam eget ullamcorper arcu. Curabitur dictum nisl condimentum mauris semper, et scelerisque.');
insert into Monster values(2,'PearlPanedgoose','NowedAzure',96,100,'T');
insert into Hunting_missions values(92,NULL,2,256168,406122,'Cras scelerisque in elit vel pharetra. Nulla posuere neque metus. In accumsan quis ex a luctus. Curabitur nec varius mi. Donec sit amet est vel.','2017-08-11',NULL,NULL,NULL,NULL);
insert into Hunting_missions_difficulty values('A',256168,406122);
insert into MMission_has_Monster values(92,1);
insert into Item_Foraging_Mission values(2,NULL,0,'2017-08-11','Aenean cursus elit arcu, eget porttitor lacus pharetra sed. Etiam quis tristique urna. Nulla ut orci orci. Curabitur eu justo ut mi placerat rhoncus id.',636274,448450,NULL,NULL,NULL,NULL);
insert into Item_Mission_Difficulty values('S',636274,448450);
insert into IMission_has_Item values(2,0);
insert into Item values(3,3,NULL,'MaroonAin't','A',27,57999);
insert into Item_Name values('MaroonAin't','Pellentesque habitant morbi tristique senectus et netus et malesuada fames ac turpis egestas. Nullam eget ullamcorper arcu. Curabitur dictum nisl condimentum mauris semper, et scelerisque.');
insert into Monster values(3,'SalmonKnurledAntelope','FierceMagenta',80,100,'T');
insert into Hunting_missions values(233,NULL,3,310741,349866,'Nullam et viverra magna. Aenean semper eget mauris a pulvinar. Vestibulum in commodo est. Aenean fringilla mattis lacinia. Nullam quis accumsan enim, sed dapibus ex. Proin vehicula, ante eu ultricies eleifend, mi felis lobortis massa, ac venenatis orci tellus ut ligula. Duis convallis nisi pretium, venenatis tellus condimentum, facilisis velit.','2017-08-11',NULL,NULL,NULL,NULL);
insert into Hunting_missions_difficulty values('A',310741,349866);
insert into MMission_has_Monster values(233,1);
insert into Item_Foraging_Mission values(3,NULL,0,'2017-08-11','Cras facilisis, ligula quis tempor finibus, erat ex pharetra metus, eu blandit ligula magna eu sem. Mauris imperdiet mauris tellus, nec vestibulum justo hendrerit eu. Nulla luctus erat in est tempus luctus. Praesent in elit ex. Pellentesque mattis justo vel ipsum molestie, eu aliquet neque finibus. Donec malesuada risus id.',413239,309702,NULL,NULL,NULL,NULL);
insert into Item_Mission_Difficulty values('S',413239,309702);
insert into IMission_has_Item values(3,0);
insert into Item values(4,4,NULL,'FuchsiaTyke','B',41,8934);
insert into Item_Name values('FuchsiaTyke','Nullam et viverra magna. Aenean semper eget mauris a pulvinar. Vestibulum in commodo est. Aenean fringilla mattis lacinia. Nullam quis accumsan enim, sed dapibus ex. Proin vehicula, ante eu ultricies eleifend, mi felis lobortis massa, ac venenatis orci tellus ut ligula. Duis convallis nisi pretium, venenatis tellus condimentum, facilisis velit.');
insert into Monster values(4,'OnyxCrutchedViper','BeautChartreuse',38,100,'F');
insert into Hunting_missions values(128,NULL,4,878776,290257,'Integer turpis arcu, ultricies pulvinar metus at, ultricies commodo purus. Duis in enim semper tortor sagittis egestas. Phasellus rhoncus vel nisl sit amet gravida. Donec.','2017-08-11',NULL,NULL,NULL,NULL);
insert into Hunting_missions_difficulty values('S',878776,290257);
insert into MMission_has_Monster values(128,2);
insert into Item_Foraging_Mission values(4,NULL,0,'2017-08-11','Fusce sed ipsum a dui dapibus dictum luctus eget massa. Nullam sem sem, iaculis id metus ut, pulvinar blandit purus. Nullam tristique nisl eget arcu.',301729,101193,NULL,NULL,NULL,NULL);
insert into Item_Mission_Difficulty values('B',301729,101193);
insert into IMission_has_Item values(4,3);
insert into Item values(5,5,NULL,'MagentaSwards','E',30,328);
insert into Item_Name values('MagentaSwards','Fusce sed ipsum a dui dapibus dictum luctus eget massa. Nullam sem sem, iaculis id metus ut, pulvinar blandit purus. Nullam tristique nisl eget arcu.');
insert into Monster values(5,'VioletLanguedNarwhal','ChicLavender',0,100,'F');
insert into Hunting_missions values(121,NULL,5,595751,433061,'Integer turpis arcu, ultricies pulvinar metus at, ultricies commodo purus. Duis in enim semper tortor sagittis egestas. Phasellus rhoncus vel nisl sit amet gravida. Donec.','2017-08-11',NULL,NULL,NULL,NULL);
insert into Hunting_missions_difficulty values('S',595751,433061);
insert into MMission_has_Monster values(121,4);
insert into Item_Foraging_Mission values(5,NULL,3,'2017-08-11','Praesent orci tortor, ullamcorper vel nunc non, luctus ultrices turpis. Cras ornare, purus eget suscipit dictum, dui lorem euismod erat, vel malesuada lacus dolor fermentum.',774977,333166,NULL,NULL,NULL,NULL);
insert into Item_Mission_Difficulty values('A',774977,333166);
insert into IMission_has_Item values(5,3);
insert into Item values(6,6,NULL,'IvoryStiff','E',98,107);
insert into Item_Name values('IvoryStiff','Fusce sed ipsum a dui dapibus dictum luctus eget massa. Nullam sem sem, iaculis id metus ut, pulvinar blandit purus. Nullam tristique nisl eget arcu.');
insert into Monster values(6,'PinkThrawlion','MobOrange',144,100,'T');
insert into Hunting_missions values(550,NULL,6,787053,132076,'Ut sit amet lectus lorem. Proin hendrerit diam et metus eleifend, quis pulvinar ligula rutrum. Aliquam nec vestibulum elit. Aliquam ut vestibulum velit, id venenatis.','2017-08-11',NULL,NULL,NULL,NULL);
insert into Hunting_missions_difficulty values('S',787053,132076);
insert into MMission_has_Monster values(550,0);
insert into Item_Foraging_Mission values(6,NULL,2,'2017-08-11','Nulla in eleifend augue. Praesent ultricies dapibus velit, nec volutpat odio semper feugiat. Sed vitae porttitor massa. Integer ac finibus enim. Suspendisse imperdiet sollicitudin ex, aliquam congue mi vestibulum vel. Suspendisse nec tristique mauris. Nunc metus felis, gravida ut faucibus et, bibendum nec nunc. Proin dictum dapibus risus et luctus.',293729,494798,NULL,NULL,NULL,NULL);
insert into Item_Mission_Difficulty values('A',293729,494798);
insert into IMission_has_Item values(6,2);
insert into Item values(7,7,NULL,'LavenderBastes','C',53,226);
insert into Item_Name values('LavenderBastes','Fusce sed ipsum a dui dapibus dictum luctus eget massa. Nullam sem sem, iaculis id metus ut, pulvinar blandit purus. Nullam tristique nisl eget arcu.');
insert into Monster values(7,'CherryBlondDinosaur','GlareWhite',52,100,'T');
insert into Hunting_missions values(338,NULL,7,212412,87632,'Cras facilisis, ligula quis tempor finibus, erat ex pharetra metus, eu blandit ligula magna eu sem. Mauris imperdiet mauris tellus, nec vestibulum justo hendrerit eu. Nulla luctus erat in est tempus luctus. Praesent in elit ex. Pellentesque mattis justo vel ipsum molestie, eu aliquet neque finibus. Donec malesuada risus id.','2017-08-11',NULL,NULL,NULL,NULL);
insert into Hunting_missions_difficulty values('B',212412,87632);
insert into MMission_has_Monster values(338,2);
insert into Item_Foraging_Mission values(7,NULL,6,'2017-08-11','Fusce sed ipsum a dui dapibus dictum luctus eget massa. Nullam sem sem, iaculis id metus ut, pulvinar blandit purus. Nullam tristique nisl eget arcu.',129420,391963,NULL,NULL,NULL,NULL);
insert into Item_Mission_Difficulty values('A',129420,391963);
insert into IMission_has_Item values(7,0);
insert into Item values(8,8,NULL,'SiennaCroup','B',92,2787);
insert into Item_Name values('SiennaCroup','Fusce sed ipsum a dui dapibus dictum luctus eget massa. Nullam sem sem, iaculis id metus ut, pulvinar blandit purus. Nullam tristique nisl eget arcu.');
insert into Monster values(8,'TealFreshChamois','BloomedPearl',120,100,'F');
insert into Hunting_missions values(511,NULL,8,630250,287206,'Integer turpis arcu, ultricies pulvinar metus at, ultricies commodo purus. Duis in enim semper tortor sagittis egestas. Phasellus rhoncus vel nisl sit amet gravida. Donec.','2017-08-11',NULL,NULL,NULL,NULL);
insert into Hunting_missions_difficulty values('S',630250,287206);
insert into MMission_has_Monster values(511,7);
insert into Item_Foraging_Mission values(8,NULL,4,'2017-08-11','Ut sit amet lectus lorem. Proin hendrerit diam et metus eleifend, quis pulvinar ligula rutrum. Aliquam nec vestibulum elit. Aliquam ut vestibulum velit, id venenatis.',383752,118735,NULL,NULL,NULL,NULL);
insert into Item_Mission_Difficulty values('A',383752,118735);
insert into IMission_has_Item values(8,5);
insert into Item values(9,9,NULL,'GreyBort','B',91,1965);
insert into Item_Name values('GreyBort','Nulla eget faucibus ipsum. Curabitur vehicula feugiat magna, ac vehicula leo mattis at. Sed sapien ipsum, vehicula at lectus id, viverra ullamcorper erat. Nam sit.');
insert into Monster values(9,'MaroonSkilledwallaby','FunSienna',148,100,'F');
insert into Hunting_missions values(18,NULL,9,443792,513503,'Nullam et viverra magna. Aenean semper eget mauris a pulvinar. Vestibulum in commodo est. Aenean fringilla mattis lacinia. Nullam quis accumsan enim, sed dapibus ex. Proin vehicula, ante eu ultricies eleifend, mi felis lobortis massa, ac venenatis orci tellus ut ligula. Duis convallis nisi pretium, venenatis tellus condimentum, facilisis velit.','2017-08-11',NULL,NULL,NULL,NULL);
insert into Hunting_missions_difficulty values('A',443792,513503);
insert into MMission_has_Monster values(18,3);
insert into Item_Foraging_Mission values(9,NULL,3,'2017-08-11','Suspendisse porttitor dignissim sem, eu faucibus metus fringilla ut. Fusce massa enim, dictum quis tristique sed, tristique quis enim. In lectus sapien, cursus vel ultrices.',683803,177581,NULL,NULL,NULL,NULL);
insert into Item_Mission_Difficulty values('S',683803,177581);
insert into IMission_has_Item values(9,0);
insert into Item values(10,10,NULL,'OnyxLeets','E',24,166);
insert into Item_Name values('OnyxLeets','Suspendisse porttitor dignissim sem, eu faucibus metus fringilla ut. Fusce massa enim, dictum quis tristique sed, tristique quis enim. In lectus sapien, cursus vel ultrices.');
insert into Monster values(10,'BronzeMaskedFalcon','WorkedPlum',45,100,'F');
insert into Hunting_missions values(888,NULL,10,484654,337852,'Nulla in eleifend augue. Praesent ultricies dapibus velit, nec volutpat odio semper feugiat. Sed vitae porttitor massa. Integer ac finibus enim. Suspendisse imperdiet sollicitudin ex, aliquam congue mi vestibulum vel. Suspendisse nec tristique mauris. Nunc metus felis, gravida ut faucibus et, bibendum nec nunc. Proin dictum dapibus risus et luctus.','2017-08-11',NULL,NULL,NULL,NULL);
insert into Hunting_missions_difficulty values('A',484654,337852);
insert into MMission_has_Monster values(888,4);
insert into Item_Foraging_Mission values(10,NULL,0,'2017-08-11','Ut sit amet lectus lorem. Proin hendrerit diam et metus eleifend, quis pulvinar ligula rutrum. Aliquam nec vestibulum elit. Aliquam ut vestibulum velit, id venenatis.',579890,324071,NULL,NULL,NULL,NULL);
insert into Item_Mission_Difficulty values('S',579890,324071);
insert into IMission_has_Item values(10,7);
insert into Item values(11,11,NULL,'PinkBoor','B',54,3813);
insert into Item_Name values('PinkBoor','Aenean cursus elit arcu, eget porttitor lacus pharetra sed. Etiam quis tristique urna. Nulla ut orci orci. Curabitur eu justo ut mi placerat rhoncus id.');
insert into Monster values(11,'CoralSteepEel','GlareTeal',145,100,'T');
insert into Hunting_missions values(719,NULL,11,963480,554436,'Cras facilisis, ligula quis tempor finibus, erat ex pharetra metus, eu blandit ligula magna eu sem. Mauris imperdiet mauris tellus, nec vestibulum justo hendrerit eu. Nulla luctus erat in est tempus luctus. Praesent in elit ex. Pellentesque mattis justo vel ipsum molestie, eu aliquet neque finibus. Donec malesuada risus id.','2017-08-11',NULL,NULL,NULL,NULL);
insert into Hunting_missions_difficulty values('S',963480,554436);
insert into MMission_has_Monster values(719,6);
insert into Item_Foraging_Mission values(11,NULL,10,'2017-08-11','Vestibulum nec egestas lorem. Phasellus euismod neque ut vehicula lobortis. Nulla posuere euismod dignissim. Donec vel eros pellentesque, fermentum arcu id, mollis dui. Sed libero.',413848,544344,NULL,NULL,NULL,NULL);
insert into Item_Mission_Difficulty values('S',413848,544344);
insert into IMission_has_Item values(11,5);
insert into Item values(12,12,NULL,'TanBlame','D',40,270);
insert into Item_Name values('TanBlame','Nulla in eleifend augue. Praesent ultricies dapibus velit, nec volutpat odio semper feugiat. Sed vitae porttitor massa. Integer ac finibus enim. Suspendisse imperdiet sollicitudin ex, aliquam congue mi vestibulum vel. Suspendisse nec tristique mauris. Nunc metus felis, gravida ut faucibus et, bibendum nec nunc. Proin dictum dapibus risus et luctus.');
insert into Monster values(12,'LavenderFlushWorm','EightMagenta',132,100,'T');
insert into Hunting_missions values(817,NULL,12,666734,189923,'Nulla in eleifend augue. Praesent ultricies dapibus velit, nec volutpat odio semper feugiat. Sed vitae porttitor massa. Integer ac finibus enim. Suspendisse imperdiet sollicitudin ex, aliquam congue mi vestibulum vel. Suspendisse nec tristique mauris. Nunc metus felis, gravida ut faucibus et, bibendum nec nunc. Proin dictum dapibus risus et luctus.','2017-08-11',NULL,NULL,NULL,NULL);
insert into Hunting_missions_difficulty values('S',666734,189923);
insert into MMission_has_Monster values(817,8);
insert into Item_Foraging_Mission values(12,NULL,10,'2017-08-11','Suspendisse porttitor dignissim sem, eu faucibus metus fringilla ut. Fusce massa enim, dictum quis tristique sed, tristique quis enim. In lectus sapien, cursus vel ultrices.',455003,64822,NULL,NULL,NULL,NULL);
insert into Item_Mission_Difficulty values('S',455003,64822);
insert into IMission_has_Item values(12,5);
insert into Item values(13,13,NULL,'IvoryPolk','C',74,431);
insert into Item_Name values('IvoryPolk','Suspendisse porttitor dignissim sem, eu faucibus metus fringilla ut. Fusce massa enim, dictum quis tristique sed, tristique quis enim. In lectus sapien, cursus vel ultrices.');
insert into Monster values(13,'AuburnEyedKudu','ForteGreen',110,100,'F');
insert into Hunting_missions values(787,NULL,13,964176,347850,'Quisque aliquam magna ac pellentesque aliquet. Ut a magna vitae odio consequat faucibus vitae non felis. Morbi sodales auctor tristique. Nam eu mi quis erat.','2017-08-11',NULL,NULL,NULL,NULL);
insert into Hunting_missions_difficulty values('S',964176,347850);
insert into MMission_has_Monster values(787,7);
insert into Item_Foraging_Mission values(13,NULL,7,'2017-08-11','Praesent orci tortor, ullamcorper vel nunc non, luctus ultrices turpis. Cras ornare, purus eget suscipit dictum, dui lorem euismod erat, vel malesuada lacus dolor fermentum.',351077,407457,NULL,NULL,NULL,NULL);
insert into Item_Mission_Difficulty values('A',351077,407457);
insert into IMission_has_Item values(13,10);
insert into Item values(14,14,NULL,'ChartreuseDupe','B',95,1759);
insert into Item_Name values('ChartreuseDupe','Aenean cursus elit arcu, eget porttitor lacus pharetra sed. Etiam quis tristique urna. Nulla ut orci orci. Curabitur eu justo ut mi placerat rhoncus id.');
insert into Monster values(14,'BeigeDarnedOyster','NeapedIvory',137,100,'T');
insert into Hunting_missions values(406,NULL,14,64264,251379,'Pellentesque habitant morbi tristique senectus et netus et malesuada fames ac turpis egestas. Nullam eget ullamcorper arcu. Curabitur dictum nisl condimentum mauris semper, et scelerisque.','2017-08-11',NULL,NULL,NULL,NULL);
insert into Hunting_missions_difficulty values('A',64264,251379);
insert into MMission_has_Monster values(406,13);
insert into Item_Foraging_Mission values(14,NULL,9,'2017-08-11','Suspendisse porttitor dignissim sem, eu faucibus metus fringilla ut. Fusce massa enim, dictum quis tristique sed, tristique quis enim. In lectus sapien, cursus vel ultrices.',118253,211823,NULL,NULL,NULL,NULL);
insert into Item_Mission_Difficulty values('C',118253,211823);
insert into IMission_has_Item values(14,0);
