insert into Hunter values(0,Lashed Cease,73,M,8992,555856,NULL);
insert into Hunter_experience values(8992,50);
insert into Team values(Fledged Slag,[Ljava.lang.String;@7f31245a,0);
insert into Item values(79,0,NULL,PeachLoups,D,19,957);
insert into Item_Name values(PeachLoups,Nulla eget faucibus ipsum. Curabitur vehicula feugiat magna, ac vehicula leo mattis at. Sed sapien ipsum, vehicula at lectus id, viverra ullamcorper erat. Nam sit.);
insert into MissionHolder values(0,10,Halt Wrench,478,9551836);insert into MissionHolder_reputation values(9551836,S);insert into Hunter values(1,Hoofed Gild,17,M,6742,293548,NULL);
insert into Hunter_experience values(6742,50);
insert into Item values(83,1,NULL,CherryGowds,D,84,767);
insert into Item_Name values(CherryGowds,Fusce sed ipsum a dui dapibus dictum luctus eget massa. Nullam sem sem, iaculis id metus ut, pulvinar blandit purus. Nullam tristique nisl eget arcu.);
insert into MissionHolder values(1,47,Toe Ease,596,7232878);insert into MissionHolder_reputation values(7232878,S);insert into Hunter values(2,Zonked Stripes,39,M,3439,552470,NULL);
insert into Hunter_experience values(3439,25);
insert into Team values(Broke Shotts,[Ljava.lang.String;@6d6f6e28,2);
insert into Item values(98,2,NULL,AmberOrbs,A,96,46050);
insert into Item_Name values(AmberOrbs,Cras scelerisque in elit vel pharetra. Nulla posuere neque metus. In accumsan quis ex a luctus. Curabitur nec varius mi. Donec sit amet est vel.);
insert into MissionHolder values(2,85,Sly Moth,16,3993398);insert into MissionHolder_reputation values(3993398,S);insert into Hunter values(3,Rife Guess,96,M,4282,882095,NULL);
insert into Hunter_experience values(4282,25);
insert into Item values(58,3,NULL,OlivePlot,E,52,251);
insert into Item_Name values(OlivePlot,Pellentesque habitant morbi tristique senectus et netus et malesuada fames ac turpis egestas. Nullam eget ullamcorper arcu. Curabitur dictum nisl condimentum mauris semper, et scelerisque.);
insert into MissionHolder values(3,69,Paid Rogue,224,3100005);insert into MissionHolder_reputation values(3100005,S);insert into Hunter values(4,Neap Cheep,85,M,8439,224077,NULL);
insert into Hunter_experience values(8439,50);
insert into Team values(Stray Snares,[Ljava.lang.String;@135fbaa4,4);
insert into Item values(87,4,NULL,ChartreuseFlutes,C,24,722);
insert into Item_Name values(ChartreuseFlutes,Nullam et viverra magna. Aenean semper eget mauris a pulvinar. Vestibulum in commodo est. Aenean fringilla mattis lacinia. Nullam quis accumsan enim, sed dapibus ex. Proin vehicula, ante eu ultricies eleifend, mi felis lobortis massa, ac venenatis orci tellus ut ligula. Duis convallis nisi pretium, venenatis tellus condimentum, facilisis velit.);
insert into MissionHolder values(4,47,Tierced Shrikes,878,2842051);insert into MissionHolder_reputation values(2842051,S);insert into Hunter values(5,Vast Odds,31,M,7320,915736,NULL);
insert into Hunter_experience values(7320,50);
insert into Item values(18,5,NULL,OliveChit,B,12,8917);
insert into Item_Name values(OliveChit,Aenean cursus elit arcu, eget porttitor lacus pharetra sed. Etiam quis tristique urna. Nulla ut orci orci. Curabitur eu justo ut mi placerat rhoncus id.);
insert into MissionHolder values(5,84,Blocked Slopes,987,7897754);insert into MissionHolder_reputation values(7897754,S);insert into Hunter values(6,Linked Teil,33,M,2530,596447,NULL);
insert into Hunter_experience values(2530,25);
insert into Team values(Toe Loupe,[Ljava.lang.String;@45ee12a7,6);
insert into Item values(57,6,NULL,PlumSpat,C,89,757);
insert into Item_Name values(PlumSpat,Fusce sed ipsum a dui dapibus dictum luctus eget massa. Nullam sem sem, iaculis id metus ut, pulvinar blandit purus. Nullam tristique nisl eget arcu.);
insert into MissionHolder values(6,64,Prest Tires,546,4260968);insert into MissionHolder_reputation values(4260968,S);insert into Hunter values(7,Gruff Roup,47,F,521,106266,NULL);
insert into Hunter_experience values(521,1);
insert into Item values(58,7,NULL,PeachSquish,D,77,27);
insert into Item_Name values(PeachSquish,Quisque aliquam magna ac pellentesque aliquet. Ut a magna vitae odio consequat faucibus vitae non felis. Morbi sodales auctor tristique. Nam eu mi quis erat.);
insert into MissionHolder values(7,75,Twill Deals,685,8856145);insert into MissionHolder_reputation values(8856145,S);insert into Hunter values(8,Peaked Refers,80,M,9312,563125,NULL);
insert into Hunter_experience values(9312,100);
insert into Team values(Plus Shives,[Ljava.lang.String;@330bedb4,8);
insert into Item values(60,8,NULL,TurquoiseBreeds,E,72,932);
insert into Item_Name values(TurquoiseBreeds,Sed sed eros nec velit ornare euismod id ut dolor. Etiam turpis ligula, viverra eget hendrerit eu, suscipit et urna. Maecenas consequat metus ut odio lobortis tristique. Phasellus tincidunt eros et commodo pulvinar. Nam vel mollis tortor. Suspendisse potenti. Morbi vel rutrum nunc. Vestibulum eget ex eu erat convallis fermentum.);
insert into MissionHolder values(8,73,Neat Leat,157,2491197);insert into MissionHolder_reputation values(2491197,S);insert into Hunter values(9,Mute Planks,15,M,3977,229479,NULL);
insert into Hunter_experience values(3977,25);
insert into Item values(53,9,NULL,TealAll,C,46,619);
insert into Item_Name values(TealAll,Praesent orci tortor, ullamcorper vel nunc non, luctus ultrices turpis. Cras ornare, purus eget suscipit dictum, dui lorem euismod erat, vel malesuada lacus dolor fermentum.);
insert into MissionHolder values(9,18,Jade Swills,530,9787219);insert into MissionHolder_reputation values(9787219,S);insert into Monster values(76,SiennaGrouseGalago,TouchedLavender,7,100,F);
insert into Hunting_missions values(306,NULL,0,721385,342754,Pellentesque habitant morbi tristique senectus et netus et malesuada fames ac turpis egestas. Nullam eget ullamcorper arcu. Curabitur dictum nisl condimentum mauris semper, et scelerisque.,2017-08-11,NULL,NULL,NULL,NULL);
insert into Huntin_missions_difficulty values(S,721385,342754);
insert into MMission_has_Monster values(306,3);insert into Monster values(5,BeigeEchtBee,BluffBlack,120,100,F);
insert into Hunting_missions values(652,NULL,1,76327,10838,Ut sit amet lectus lorem. Proin hendrerit diam et metus eleifend, quis pulvinar ligula rutrum. Aliquam nec vestibulum elit. Aliquam ut vestibulum velit, id venenatis.,2017-08-11,NULL,NULL,NULL,NULL);
insert into Huntin_missions_difficulty values(E,76327,10838);
insert into MMission_has_Monster values(652,7);insert into Monster values(49,ChartreuseStalkedNarwhal,LodgedIvory,36,100,F);
insert into Hunting_missions values(635,NULL,2,283888,124694,Quisque aliquam magna ac pellentesque aliquet. Ut a magna vitae odio consequat faucibus vitae non felis. Morbi sodales auctor tristique. Nam eu mi quis erat.,2017-08-11,NULL,NULL,NULL,NULL);
insert into Huntin_missions_difficulty values(A,283888,124694);
insert into MMission_has_Monster values(635,5);insert into Monster values(72,PeachScrewedSandpiper,FaintBeige,39,100,T);
insert into Hunting_missions values(763,NULL,3,798915,9707,Pellentesque habitant morbi tristique senectus et netus et malesuada fames ac turpis egestas. Nullam eget ullamcorper arcu. Curabitur dictum nisl condimentum mauris semper, et scelerisque.,2017-08-11,NULL,NULL,NULL,NULL);
insert into Huntin_missions_difficulty values(A,798915,9707);
insert into MMission_has_Monster values(763,4);insert into Monster values(6,CyanDureYak,BuckedAquamarine,57,100,T);
insert into Hunting_missions values(522,NULL,4,80031,60534,Aenean cursus elit arcu, eget porttitor lacus pharetra sed. Etiam quis tristique urna. Nulla ut orci orci. Curabitur eu justo ut mi placerat rhoncus id.,2017-08-11,NULL,NULL,NULL,NULL);
insert into Huntin_missions_difficulty values(C,80031,60534);
insert into MMission_has_Monster values(522,8);insert into Monster values(35,OnyxJimpSkunk,BlestSalmon,63,100,F);
insert into Hunting_missions values(724,NULL,5,201401,514159,Nulla in eleifend augue. Praesent ultricies dapibus velit, nec volutpat odio semper feugiat. Sed vitae porttitor massa. Integer ac finibus enim. Suspendisse imperdiet sollicitudin ex, aliquam congue mi vestibulum vel. Suspendisse nec tristique mauris. Nunc metus felis, gravida ut faucibus et, bibendum nec nunc. Proin dictum dapibus risus et luctus.,2017-08-11,NULL,NULL,NULL,NULL);
insert into Huntin_missions_difficulty values(S,201401,514159);
insert into MMission_has_Monster values(724,4);insert into Monster values(18,VanillaGlegScorpion,FringedSienna,112,100,F);
insert into Hunting_missions values(671,NULL,6,596125,276437,Pellentesque habitant morbi tristique senectus et netus et malesuada fames ac turpis egestas. Nullam eget ullamcorper arcu. Curabitur dictum nisl condimentum mauris semper, et scelerisque.,2017-08-11,NULL,NULL,NULL,NULL);
insert into Huntin_missions_difficulty values(A,596125,276437);
insert into MMission_has_Monster values(671,9);