insert into Hunter_experience values(6425,50);
insert into Hunter values(0,'Fierce Croupes',33,'M',6425,721935,NULL);
insert into Team values('Fringed Lice','E',0);
insert into MissionHolder_reputation values(163552,'B');
insert into MissionHolder values(0,20,'Same Deys',163552);
insert into Hunter_experience values(5991,50);
insert into Hunter values(1,'Grooved Bruise',80,'M',5991,89684,NULL);
insert into MissionHolder_reputation values(451540,'A');
insert into MissionHolder values(1,52,'Paned Ziffs',451540);
insert into Hunter_experience values(5576,50);
insert into Hunter values(2,'Like Kyat',37,'F',5576,829922,NULL);
insert into Team values('Winged Nuke','E',2);
insert into MissionHolder_reputation values(291596,'A');
insert into MissionHolder values(2,64,'Plump Keds',291596);
insert into Hunter_experience values(6612,50);
insert into Hunter values(3,'Crank Heave',42,'F',6612,748008,NULL);
insert into MissionHolder_reputation values(1123387,'S');
insert into MissionHolder values(3,25,'Sleek Luds',1123387);
insert into Hunter_experience values(8431,50);
insert into Hunter values(4,'Wedged Schmucks',18,'M',8431,571519,NULL);
insert into Team values('Mute Mum','B',4);
insert into MissionHolder_reputation values(9100235,'S');
insert into MissionHolder values(4,87,'Clean Cinque',9100235);
insert into Hunter_experience values(8125,50);
insert into Hunter values(5,'Own Quilts',36,'M',8125,568020,NULL);
insert into MissionHolder_reputation values(8798062,'S');
insert into MissionHolder values(5,18,'Mzee Broils',8798062);
insert into Hunter_experience values(1695,10);
insert into Hunter values(6,'Shill Pang',72,'M',1695,397746,NULL);
insert into Team values('Refer Clone','A',6);
insert into MissionHolder_reputation values(5232134,'S');
insert into MissionHolder values(6,67,'Lown Whaup',5232134);
insert into Hunter_experience values(262,1);
insert into Hunter values(7,'Blear Suite',26,'M',262,387262,NULL);
insert into MissionHolder_reputation values(7686179,'S');
insert into MissionHolder values(7,41,'Brag Vents',7686179);
insert into Hunter_experience values(2394,10);
insert into Hunter values(8,'Wee Dint',74,'F',2394,412404,NULL);
insert into Team values('Bold Gangues','E',8);
insert into MissionHolder_reputation values(3648201,'S');
insert into MissionHolder values(8,4,'Boulle Sexts',3648201);
insert into Hunter_experience values(5484,50);
insert into Hunter values(9,'Mailed Trey',74,'F',5484,44803,NULL);
insert into MissionHolder_reputation values(3095065,'S');
insert into MissionHolder values(9,98,'Liege Horde',3095065);
insert into Hunter_experience values(7826,50);
insert into Hunter values(10,'Cupped Scree',76,'F',7826,822739,NULL);
insert into Team values('Fogged Netts','C',10);
insert into MissionHolder_reputation values(9139054,'S');
insert into MissionHolder values(10,96,'Marked Plink',9139054);
insert into Hunter_experience values(9880,100);
insert into Hunter values(11,'Kind Ruck',49,'F',9880,135121,NULL);
insert into MissionHolder_reputation values(9193197,'S');
insert into MissionHolder values(11,41,'Rathe Swab',9193197);
insert into Hunter_experience values(8037,50);
insert into Hunter values(12,'Pitched Twit',45,'F',8037,707624,NULL);
insert into Team values('Lame Drudge','B',12);
insert into MissionHolder_reputation values(3706776,'S');
insert into MissionHolder values(12,84,'Hex Flange',3706776);
insert into Hunter_experience values(972,1);
insert into Hunter values(13,'Forced Toles',0,'M',972,995428,NULL);
insert into MissionHolder_reputation values(3056749,'S');
insert into MissionHolder values(13,92,'Prest Ped',3056749);
insert into Hunter_experience values(1313,10);
insert into Hunter values(14,'Spruce Leach',13,'F',1313,207104,NULL);
insert into Team values('Gorged Mimes','C',14);
insert into MissionHolder_reputation values(8317333,'S');
insert into MissionHolder values(14,28,'Forte Geld',8317333);
insert into Hunter_experience values(1040,10);
insert into Hunter values(15,'Laith Damned',1,'M',1040,365867,NULL);
insert into MissionHolder_reputation values(3768170,'S');
insert into MissionHolder values(15,53,'Trite Flan',3768170);
insert into Hunter_experience values(4884,25);
insert into Hunter values(16,'Nowed Deuce',5,'F',4884,282263,NULL);
insert into Team values('Boon Heave','B',16);
insert into MissionHolder_reputation values(6779804,'S');
insert into MissionHolder values(16,56,'Birk Fug',6779804);
insert into Hunter_experience values(5931,50);
insert into Hunter values(17,'Frail Scraich',23,'F',5931,364273,NULL);
insert into MissionHolder_reputation values(9628962,'S');
insert into MissionHolder values(17,13,'Blonde Forme',9628962);
insert into Hunter_experience values(8660,50);
insert into Hunter values(18,'Prest Skit',62,'F',8660,816295,NULL);
insert into Team values('Murk Sweep','C',18);
insert into MissionHolder_reputation values(1090132,'S');
insert into MissionHolder values(18,52,'Switch Tees',1090132);
insert into Hunter_experience values(260,1);
insert into Hunter values(19,'Said Scree',65,'M',260,627399,NULL);
insert into MissionHolder_reputation values(3877994,'S');
insert into MissionHolder values(19,9,'Shorn Brocks',3877994);
insert into Item values(65,1,NULL,'OrangeWow','A',63,7533);
insert into Item_Name values('OrangeWow','Vestibulum nec egestas lorem. Phasellus euismod neque ut vehicula lobortis. Nulla posuere euismod dignissim. Donec vel eros pellentesque, fermentum arcu id, mollis dui. Sed libero.');
insert into Monster values(1,'SalmonFeatEland','CheckedGreen',21,100,'F');
insert into Hunting_missions values(121,NULL,1,619732,436862,'Cras scelerisque in elit vel pharetra. Nulla posuere neque metus. In accumsan quis ex a luctus. Curabitur nec varius mi. Donec sit amet est vel.','2017-08-11',NULL,NULL,NULL,NULL);
insert into Hunting_missions_difficulty values('S',619732,436862);
insert into MMission_has_Monster values(121,0);
insert into Item_Foraging_Mission values(1,NULL,0,'2017-08-11','Vestibulum nec egestas lorem. Phasellus euismod neque ut vehicula lobortis. Nulla posuere euismod dignissim. Donec vel eros pellentesque, fermentum arcu id, mollis dui. Sed libero.',746735,473793,NULL,NULL,NULL,NULL);
insert into Item_Mission_Difficulty values('S',746735,473793);
insert into IMission_has_Item values(1,0);
insert into Item values(50,2,NULL,'PurpleBourns','S',46,872363);
insert into Item_Name values('PurpleBourns','Cras scelerisque in elit vel pharetra. Nulla posuere neque metus. In accumsan quis ex a luctus. Curabitur nec varius mi. Donec sit amet est vel.');
insert into Monster values(2,'CrimsonShearedpanda','ForteOlive',4,100,'F');
insert into Hunting_missions values(989,NULL,2,147381,542823,'Suspendisse porttitor dignissim sem, eu faucibus metus fringilla ut. Fusce massa enim, dictum quis tristique sed, tristique quis enim. In lectus sapien, cursus vel ultrices.','2017-08-11',NULL,NULL,NULL,NULL);
insert into Hunting_missions_difficulty values('S',147381,542823);
insert into MMission_has_Monster values(989,1);
insert into Item_Foraging_Mission values(2,NULL,0,'2017-08-11','Sed sed eros nec velit ornare euismod id ut dolor. Etiam turpis ligula, viverra eget hendrerit eu, suscipit et urna. Maecenas consequat metus ut odio lobortis tristique. Phasellus tincidunt eros et commodo pulvinar. Nam vel mollis tortor. Suspendisse potenti. Morbi vel rutrum nunc. Vestibulum eget ex eu erat convallis fermentum.',105957,303510,NULL,NULL,NULL,NULL);
insert into Item_Mission_Difficulty values('C',105957,303510);
insert into IMission_has_Item values(2,1);
insert into Item values(36,3,NULL,'CopperMange','E',17,311);
insert into Item_Name values('CopperMange','Aenean cursus elit arcu, eget porttitor lacus pharetra sed. Etiam quis tristique urna. Nulla ut orci orci. Curabitur eu justo ut mi placerat rhoncus id.');
insert into Monster values(3,'GoldWorkedTermite','LimbedFuchsia',27,100,'F');
insert into Hunting_missions values(876,NULL,3,353662,404669,'Praesent orci tortor, ullamcorper vel nunc non, luctus ultrices turpis. Cras ornare, purus eget suscipit dictum, dui lorem euismod erat, vel malesuada lacus dolor fermentum.','2017-08-11',NULL,NULL,NULL,NULL);
insert into Hunting_missions_difficulty values('A',353662,404669);
insert into MMission_has_Monster values(876,1);
insert into Item_Foraging_Mission values(3,NULL,0,'2017-08-11','Suspendisse porttitor dignissim sem, eu faucibus metus fringilla ut. Fusce massa enim, dictum quis tristique sed, tristique quis enim. In lectus sapien, cursus vel ultrices.',556045,532611,NULL,NULL,NULL,NULL);
insert into Item_Mission_Difficulty values('S',556045,532611);
insert into IMission_has_Item values(3,1);
insert into Item values(13,4,NULL,'CherryWreath','S',24,22732);
insert into Item_Name values('CherryWreath','Cras scelerisque in elit vel pharetra. Nulla posuere neque metus. In accumsan quis ex a luctus. Curabitur nec varius mi. Donec sit amet est vel.');
insert into Monster values(4,'CyanForeGuanaco','TaughtYellow',102,100,'F');
insert into Hunting_missions values(966,NULL,4,773010,533513,'Suspendisse porttitor dignissim sem, eu faucibus metus fringilla ut. Fusce massa enim, dictum quis tristique sed, tristique quis enim. In lectus sapien, cursus vel ultrices.','2017-08-11',NULL,NULL,NULL,NULL);
insert into Hunting_missions_difficulty values('S',773010,533513);
insert into MMission_has_Monster values(966,3);
insert into Item_Foraging_Mission values(4,NULL,0,'2017-08-11','Suspendisse porttitor dignissim sem, eu faucibus metus fringilla ut. Fusce massa enim, dictum quis tristique sed, tristique quis enim. In lectus sapien, cursus vel ultrices.',186079,425282,NULL,NULL,NULL,NULL);
insert into Item_Mission_Difficulty values('S',186079,425282);
insert into IMission_has_Item values(4,0);
insert into Item values(54,5,NULL,'TurquoiseHaar','B',16,1556);
insert into Item_Name values('TurquoiseHaar','Nulla eget faucibus ipsum. Curabitur vehicula feugiat magna, ac vehicula leo mattis at. Sed sapien ipsum, vehicula at lectus id, viverra ullamcorper erat. Nam sit.');
insert into Monster values(5,'PersimmonDrollhen','NighCoral',38,100,'F');
insert into Hunting_missions values(833,NULL,5,708065,304052,'Aenean cursus elit arcu, eget porttitor lacus pharetra sed. Etiam quis tristique urna. Nulla ut orci orci. Curabitur eu justo ut mi placerat rhoncus id.','2017-08-11',NULL,NULL,NULL,NULL);
insert into Hunting_missions_difficulty values('S',708065,304052);
insert into MMission_has_Monster values(833,2);
insert into Item_Foraging_Mission values(5,NULL,1,'2017-08-11','Pellentesque habitant morbi tristique senectus et netus et malesuada fames ac turpis egestas. Nullam eget ullamcorper arcu. Curabitur dictum nisl condimentum mauris semper, et scelerisque.',893343,289407,NULL,NULL,NULL,NULL);
insert into Item_Mission_Difficulty values('A',893343,289407);
insert into IMission_has_Item values(5,3);
insert into Item values(23,6,NULL,'VioletRag','B',27,1649);
insert into Item_Name values('VioletRag','Vestibulum nec egestas lorem. Phasellus euismod neque ut vehicula lobortis. Nulla posuere euismod dignissim. Donec vel eros pellentesque, fermentum arcu id, mollis dui. Sed libero.');
insert into Monster values(6,'IvoryDireHawk','SliestPurple',1,100,'T');
insert into Hunting_missions values(408,NULL,6,247075,317552,'Vestibulum nec egestas lorem. Phasellus euismod neque ut vehicula lobortis. Nulla posuere euismod dignissim. Donec vel eros pellentesque, fermentum arcu id, mollis dui. Sed libero.','2017-08-11',NULL,NULL,NULL,NULL);
insert into Hunting_missions_difficulty values('A',247075,317552);
insert into MMission_has_Monster values(408,1);
insert into Item_Foraging_Mission values(6,NULL,5,'2017-08-11','Vestibulum nec egestas lorem. Phasellus euismod neque ut vehicula lobortis. Nulla posuere euismod dignissim. Donec vel eros pellentesque, fermentum arcu id, mollis dui. Sed libero.',180393,394055,NULL,NULL,NULL,NULL);
insert into Item_Mission_Difficulty values('S',180393,394055);
insert into IMission_has_Item values(6,1);
insert into Item values(79,7,NULL,'WhiteTernes','D',18,884);
insert into Item_Name values('WhiteTernes','Nulla in eleifend augue. Praesent ultricies dapibus velit, nec volutpat odio semper feugiat. Sed vitae porttitor massa. Integer ac finibus enim. Suspendisse imperdiet sollicitudin ex, aliquam congue mi vestibulum vel. Suspendisse nec tristique mauris. Nunc metus felis, gravida ut faucibus et, bibendum nec nunc. Proin dictum dapibus risus et luctus.');
insert into Monster values(7,'AquamarineTrefEmu','TerseAmber',130,100,'F');
insert into Hunting_missions values(480,NULL,7,66529,395438,'Cras scelerisque in elit vel pharetra. Nulla posuere neque metus. In accumsan quis ex a luctus. Curabitur nec varius mi. Donec sit amet est vel.','2017-08-11',NULL,NULL,NULL,NULL);
insert into Hunting_missions_difficulty values('A',66529,395438);
insert into MMission_has_Monster values(480,5);
insert into Item_Foraging_Mission values(7,NULL,2,'2017-08-11','Quisque aliquam magna ac pellentesque aliquet. Ut a magna vitae odio consequat faucibus vitae non felis. Morbi sodales auctor tristique. Nam eu mi quis erat.',113432,473531,NULL,NULL,NULL,NULL);
insert into Item_Mission_Difficulty values('A',113432,473531);
insert into IMission_has_Item values(7,0);
insert into Item values(31,8,NULL,'CherryBloom','S',99,858650);
insert into Item_Name values('CherryBloom','Ut sit amet lectus lorem. Proin hendrerit diam et metus eleifend, quis pulvinar ligula rutrum. Aliquam nec vestibulum elit. Aliquam ut vestibulum velit, id venenatis.');
insert into Monster values(8,'MaroonMuteSea Urchin','RangedRed',147,100,'T');
insert into Hunting_missions values(761,NULL,8,635884,316646,'Suspendisse porttitor dignissim sem, eu faucibus metus fringilla ut. Fusce massa enim, dictum quis tristique sed, tristique quis enim. In lectus sapien, cursus vel ultrices.','2017-08-11',NULL,NULL,NULL,NULL);
insert into Hunting_missions_difficulty values('A',635884,316646);
insert into MMission_has_Monster values(761,0);
insert into Item_Foraging_Mission values(8,NULL,5,'2017-08-11','Praesent orci tortor, ullamcorper vel nunc non, luctus ultrices turpis. Cras ornare, purus eget suscipit dictum, dui lorem euismod erat, vel malesuada lacus dolor fermentum.',723358,248131,NULL,NULL,NULL,NULL);
insert into Item_Mission_Difficulty values('S',723358,248131);
insert into IMission_has_Item values(8,1);
insert into Item values(84,9,NULL,'PearlFlares','C',58,121);
insert into Item_Name values('PearlFlares','Aenean cursus elit arcu, eget porttitor lacus pharetra sed. Etiam quis tristique urna. Nulla ut orci orci. Curabitur eu justo ut mi placerat rhoncus id.');
insert into Monster values(9,'OrangeBobsfox','BarredPink',66,100,'T');
insert into Hunting_missions values(820,NULL,9,615426,125139,'Integer turpis arcu, ultricies pulvinar metus at, ultricies commodo purus. Duis in enim semper tortor sagittis egestas. Phasellus rhoncus vel nisl sit amet gravida. Donec.','2017-08-11',NULL,NULL,NULL,NULL);
insert into Hunting_missions_difficulty values('S',615426,125139);
insert into MMission_has_Monster values(820,3);
insert into Item_Foraging_Mission values(9,NULL,8,'2017-08-11','Quisque aliquam magna ac pellentesque aliquet. Ut a magna vitae odio consequat faucibus vitae non felis. Morbi sodales auctor tristique. Nam eu mi quis erat.',283129,273632,NULL,NULL,NULL,NULL);
insert into Item_Mission_Difficulty values('S',283129,273632);
insert into IMission_has_Item values(9,5);
insert into Item values(27,10,NULL,'PurpleAmps','A',3,74983);
insert into Item_Name values('PurpleAmps','Aenean cursus elit arcu, eget porttitor lacus pharetra sed. Etiam quis tristique urna. Nulla ut orci orci. Curabitur eu justo ut mi placerat rhoncus id.');
insert into Monster values(10,'MaroonTouchedWoodpecker','LeftPearl',104,100,'T');
insert into Hunting_missions values(316,NULL,10,150628,277226,'Nulla in eleifend augue. Praesent ultricies dapibus velit, nec volutpat odio semper feugiat. Sed vitae porttitor massa. Integer ac finibus enim. Suspendisse imperdiet sollicitudin ex, aliquam congue mi vestibulum vel. Suspendisse nec tristique mauris. Nunc metus felis, gravida ut faucibus et, bibendum nec nunc. Proin dictum dapibus risus et luctus.','2017-08-11',NULL,NULL,NULL,NULL);
insert into Hunting_missions_difficulty values('A',150628,277226);
insert into MMission_has_Monster values(316,8);
insert into Item_Foraging_Mission values(10,NULL,5,'2017-08-11','Quisque aliquam magna ac pellentesque aliquet. Ut a magna vitae odio consequat faucibus vitae non felis. Morbi sodales auctor tristique. Nam eu mi quis erat.',517179,442188,NULL,NULL,NULL,NULL);
insert into Item_Mission_Difficulty values('A',517179,442188);
insert into IMission_has_Item values(10,7);
insert into Item values(66,11,NULL,'BronzeHere','C',36,948);
insert into Item_Name values('BronzeHere','Pellentesque habitant morbi tristique senectus et netus et malesuada fames ac turpis egestas. Nullam eget ullamcorper arcu. Curabitur dictum nisl condimentum mauris semper, et scelerisque.');
insert into Monster values(11,'AmberNaeSalmon','PacedVanilla',133,100,'F');
insert into Hunting_missions values(341,NULL,11,260086,98236,'Fusce sed ipsum a dui dapibus dictum luctus eget massa. Nullam sem sem, iaculis id metus ut, pulvinar blandit purus. Nullam tristique nisl eget arcu.','2017-08-11',NULL,NULL,NULL,NULL);
insert into Hunting_missions_difficulty values('C',260086,98236);
insert into MMission_has_Monster values(341,9);
insert into Item_Foraging_Mission values(11,NULL,7,'2017-08-11','Quisque aliquam magna ac pellentesque aliquet. Ut a magna vitae odio consequat faucibus vitae non felis. Morbi sodales auctor tristique. Nam eu mi quis erat.',947841,126364,NULL,NULL,NULL,NULL);
insert into Item_Mission_Difficulty values('S',947841,126364);
insert into IMission_has_Item values(11,3);
insert into Item values(18,12,NULL,'IndigoVerse','B',29,4567);
insert into Item_Name values('IndigoVerse','Nulla eget faucibus ipsum. Curabitur vehicula feugiat magna, ac vehicula leo mattis at. Sed sapien ipsum, vehicula at lectus id, viverra ullamcorper erat. Nam sit.');
insert into Monster values(12,'PlumByeGuinea fowl','BluffYellow',126,100,'F');
insert into Hunting_missions values(437,NULL,12,787947,138912,'Praesent orci tortor, ullamcorper vel nunc non, luctus ultrices turpis. Cras ornare, purus eget suscipit dictum, dui lorem euismod erat, vel malesuada lacus dolor fermentum.','2017-08-11',NULL,NULL,NULL,NULL);
insert into Hunting_missions_difficulty values('A',787947,138912);
insert into MMission_has_Monster values(437,11);
insert into Item_Foraging_Mission values(12,NULL,8,'2017-08-11','Vestibulum nec egestas lorem. Phasellus euismod neque ut vehicula lobortis. Nulla posuere euismod dignissim. Donec vel eros pellentesque, fermentum arcu id, mollis dui. Sed libero.',862670,467955,NULL,NULL,NULL,NULL);
insert into Item_Mission_Difficulty values('S',862670,467955);
insert into IMission_has_Item values(12,6);
insert into Item values(27,13,NULL,'BronzeBut','E',51,933);
insert into Item_Name values('BronzeBut','Praesent orci tortor, ullamcorper vel nunc non, luctus ultrices turpis. Cras ornare, purus eget suscipit dictum, dui lorem euismod erat, vel malesuada lacus dolor fermentum.');
insert into Monster values(13,'LimeArchPeafowl','PseudBlack',43,100,'T');
insert into Hunting_missions values(363,NULL,13,786500,393115,'Quisque aliquam magna ac pellentesque aliquet. Ut a magna vitae odio consequat faucibus vitae non felis. Morbi sodales auctor tristique. Nam eu mi quis erat.','2017-08-11',NULL,NULL,NULL,NULL);
insert into Hunting_missions_difficulty values('S',786500,393115);
insert into MMission_has_Monster values(363,10);
insert into Item_Foraging_Mission values(13,NULL,10,'2017-08-11','Quisque aliquam magna ac pellentesque aliquet. Ut a magna vitae odio consequat faucibus vitae non felis. Morbi sodales auctor tristique. Nam eu mi quis erat.',111867,203166,NULL,NULL,NULL,NULL);
insert into Item_Mission_Difficulty values('B',111867,203166);
insert into IMission_has_Item values(13,3);
insert into Item values(61,14,NULL,'RubyJunks','C',85,122);
insert into Item_Name values('RubyJunks','Integer turpis arcu, ultricies pulvinar metus at, ultricies commodo purus. Duis in enim semper tortor sagittis egestas. Phasellus rhoncus vel nisl sit amet gravida. Donec.');
insert into Monster values(14,'SalmonKitschparrot','MaskedBronze',66,100,'F');
insert into Hunting_missions values(212,NULL,14,167754,354481,'Quisque aliquam magna ac pellentesque aliquet. Ut a magna vitae odio consequat faucibus vitae non felis. Morbi sodales auctor tristique. Nam eu mi quis erat.','2017-08-11',NULL,NULL,NULL,NULL);
insert into Hunting_missions_difficulty values('A',167754,354481);
insert into MMission_has_Monster values(212,1);
insert into Item_Foraging_Mission values(14,NULL,5,'2017-08-11','Nulla eget faucibus ipsum. Curabitur vehicula feugiat magna, ac vehicula leo mattis at. Sed sapien ipsum, vehicula at lectus id, viverra ullamcorper erat. Nam sit.',309436,217977,NULL,NULL,NULL,NULL);
insert into Item_Mission_Difficulty values('S',309436,217977);
insert into IMission_has_Item values(14,5);
