insert into Hunter_experience values(8489,50);
insert into Hunter values(0,'Dink Shank',91,'F',8489,555680,NULL);
insert into MissionHolder_reputation values(8615247,'S');
insert into MissionHolder values(0,83,'Thae Chefs',8615247);
insert into Hunter_experience values(7779,50);
insert into Hunter values(1,'Brief Jilts',84,'M',7779,887455,NULL);
insert into MissionHolder_reputation values(358950,'A');
insert into MissionHolder values(1,7,'Doiled Zarf',358950);
insert into Hunter_experience values(3434,25);
insert into Hunter values(2,'Perk Heed',0,'M',3434,69640,NULL);
insert into MissionHolder_reputation values(4620872,'S');
insert into MissionHolder values(2,38,'Hex Spout',4620872);
insert into Hunter_experience values(1061,10);
insert into Hunter values(3,'Lithe Whys',11,'M',1061,923130,NULL);
insert into MissionHolder_reputation values(53373,'C');
insert into MissionHolder values(3,69,'Stung Swags',53373);
insert into Hunter_experience values(2395,10);
insert into Hunter values(4,'Mob Dyke',40,'M',2395,894579,NULL);
insert into MissionHolder_reputation values(7974610,'S');
insert into MissionHolder values(4,69,'Cracked Kiln',7974610);
insert into Hunter_experience values(2776,25);
insert into Hunter values(5,'Brave Yew',16,'M',2776,609389,NULL);
insert into MissionHolder_reputation values(2587023,'S');
insert into MissionHolder values(5,34,'Fain Prams',2587023);
insert into Hunter_experience values(7586,50);
insert into Hunter values(6,'Looped Nags',76,'M',7586,958696,NULL);
insert into MissionHolder_reputation values(5367741,'S');
insert into MissionHolder values(6,97,'Voiced Slype',5367741);
insert into Hunter_experience values(2372,10);
insert into Hunter values(7,'Taut Conch',18,'M',2372,878261,NULL);
insert into MissionHolder_reputation values(1105169,'S');
insert into MissionHolder values(7,55,'Bent Bumf',1105169);
insert into Hunter_experience values(346,1);
insert into Hunter values(8,'Thraw Snibs',63,'F',346,409262,NULL);
insert into MissionHolder_reputation values(274768,'A');
insert into MissionHolder values(8,15,'Lived Matte',274768);
insert into Hunter_experience values(2989,25);
insert into Hunter values(9,'Skint Squalls',89,'F',2989,191914,NULL);
insert into MissionHolder_reputation values(1107507,'S');
insert into MissionHolder values(9,81,'Sad Trope',1107507);
insert into Hunter_experience values(116,1);
insert into Hunter values(10,'Perk Flaunts',83,'M',116,112341,NULL);
insert into MissionHolder_reputation values(7463136,'S');
insert into MissionHolder values(10,43,'Tinct Roast',7463136);
insert into Hunter_experience values(2762,25);
insert into Hunter values(11,'Lipped Jaunts',94,'F',2762,774783,NULL);
insert into MissionHolder_reputation values(2681632,'S');
insert into MissionHolder values(11,13,'Vast Seams',2681632);
insert into Hunter_experience values(8651,50);
insert into Hunter values(12,'Cheesed Grilse',62,'M',8651,278503,NULL);
insert into MissionHolder_reputation values(6130660,'S');
insert into MissionHolder values(12,30,'Ranged Dorms',6130660);
insert into Hunter_experience values(2271,10);
insert into Hunter values(13,'Bleak Faun',67,'F',2271,791982,NULL);
insert into MissionHolder_reputation values(4034240,'S');
insert into MissionHolder values(13,52,'Bit Chaise',4034240);
insert into Hunter_experience values(1810,10);
insert into Hunter values(14,'Darn Prints',11,'M',1810,491174,NULL);
insert into MissionHolder_reputation values(8362251,'S');
insert into MissionHolder values(14,13,'Mzee Chore',8362251);
insert into Hunter_experience values(1819,10);
insert into Hunter values(15,'Dink Stains',25,'F',1819,384296,NULL);
insert into MissionHolder_reputation values(9805767,'S');
insert into MissionHolder values(15,77,'Bugs Hutch',9805767);
insert into Hunter_experience values(7045,50);
insert into Hunter values(16,'Arch Kelps',54,'M',7045,810247,NULL);
insert into MissionHolder_reputation values(2463309,'S');
insert into MissionHolder values(16,20,'Squab Skinks',2463309);
insert into Hunter_experience values(2884,25);
insert into Hunter values(17,'Snecked Bin',43,'F',2884,236281,NULL);
insert into MissionHolder_reputation values(381865,'A');
insert into MissionHolder values(17,22,'Lame Steads',381865);
insert into Hunter_experience values(7536,50);
insert into Hunter values(18,'Shoal Conte',31,'F',7536,801793,NULL);
insert into MissionHolder_reputation values(3756783,'S');
insert into MissionHolder values(18,70,'Slate Ton',3756783);
insert into Hunter_experience values(6121,50);
insert into Hunter values(19,'Deaf Falls',48,'F',6121,24155,NULL);
insert into MissionHolder_reputation values(5575243,'S');
insert into MissionHolder values(19,6,'Vexed Jives',5575243);
insert into Item values(1,1,NULL,'OnyxKink','E',41,728);
insert into Item_Name values('OnyxKink','Integer turpis arcu, ultricies pulvinar metus at, ultricies commodo purus. Duis in enim semper tortor sagittis egestas. Phasellus rhoncus vel nisl sit amet gravida. Donec.');
insert into Monster values(1,'TurquoiseGrousebear','EarnedViolet',42,100,'F');
insert into Hunting_missions values(1,NULL,'null',1,661813,414359,'Integer turpis arcu, ultricies pulvinar metus at, ultricies commodo purus. Duis in enim semper tortor sagittis egestas. Phasellus rhoncus vel nisl sit amet gravida. Donec.','2017-08-11',NULL,NULL,NULL,NULL);
insert into Hunting_missions_difficulty values('S',661813,414359);
insert into MMission_has_Monster values(1,1);
insert into Item_Foraging_Mission values(1,NULL,'null',0,173336,248196,'Ut sit amet lectus lorem. Proin hendrerit diam et metus eleifend, quis pulvinar ligula rutrum. Aliquam nec vestibulum elit. Aliquam ut vestibulum velit, id venenatis.','2017-08-11',NULL,NULL,NULL,NULL);
insert into Item_Mission_Difficulty values('C',173336,248196);
insert into IMission_has_Item values(1,1);
insert into Item values(2,2,NULL,'OnyxDaws','C',25,607);
insert into Item_Name values('OnyxDaws','Quisque aliquam magna ac pellentesque aliquet. Ut a magna vitae odio consequat faucibus vitae non felis. Morbi sodales auctor tristique. Nam eu mi quis erat.');
insert into Monster values(2,'AquamarineSuperAntelope','BoldPearl',143,100,'T');
insert into Team values('Raked Stale','C',2);
update Hunter set teamName = 'Raked Stale' where hunterID =2;
insert into Hunting_missions values(2,NULL,NULL,2,950388,554128,'Cras facilisis, ligula quis tempor finibus, erat ex pharetra metus, eu blandit ligula magna eu sem. Mauris imperdiet mauris tellus, nec vestibulum justo hendrerit eu. Nulla luctus erat in est tempus luctus. Praesent in elit ex. Pellentesque mattis justo vel ipsum molestie, eu aliquet neque finibus. Donec malesuada risus id.','2017-08-11',NULL,NULL,NULL,NULL);
insert into Hunting_missions_difficulty values('S',950388,554128);
insert into MMission_has_Monster values(2,2);
insert into Item_Foraging_Mission values(2,NULL,NULL,0,80215,592748,'Nullam et viverra magna. Aenean semper eget mauris a pulvinar. Vestibulum in commodo est. Aenean fringilla mattis lacinia. Nullam quis accumsan enim, sed dapibus ex. Proin vehicula, ante eu ultricies eleifend, mi felis lobortis massa, ac venenatis orci tellus ut ligula. Duis convallis nisi pretium, venenatis tellus condimentum, facilisis velit.','2017-08-11',NULL,NULL,NULL,NULL);
insert into Item_Mission_Difficulty values('A',80215,592748);
insert into IMission_has_Item values(2,2);
insert into Item values(3,3,NULL,'VioletHefts','S',71,42683);
insert into Item_Name values('VioletHefts','Praesent orci tortor, ullamcorper vel nunc non, luctus ultrices turpis. Cras ornare, purus eget suscipit dictum, dui lorem euismod erat, vel malesuada lacus dolor fermentum.');
insert into Monster values(3,'RubyDoiledelephant','ShutRose',129,100,'T');
insert into Hunting_missions values(3,NULL,'null',3,775470,240968,'Nullam et viverra magna. Aenean semper eget mauris a pulvinar. Vestibulum in commodo est. Aenean fringilla mattis lacinia. Nullam quis accumsan enim, sed dapibus ex. Proin vehicula, ante eu ultricies eleifend, mi felis lobortis massa, ac venenatis orci tellus ut ligula. Duis convallis nisi pretium, venenatis tellus condimentum, facilisis velit.','2017-08-11',NULL,NULL,NULL,NULL);
insert into Hunting_missions_difficulty values('S',775470,240968);
insert into MMission_has_Monster values(3,2);
insert into Item_Foraging_Mission values(3,NULL,'null',0,833140,374700,'Sed sed eros nec velit ornare euismod id ut dolor. Etiam turpis ligula, viverra eget hendrerit eu, suscipit et urna. Maecenas consequat metus ut odio lobortis tristique. Phasellus tincidunt eros et commodo pulvinar. Nam vel mollis tortor. Suspendisse potenti. Morbi vel rutrum nunc. Vestibulum eget ex eu erat convallis fermentum.','2017-08-11',NULL,NULL,NULL,NULL);
insert into Item_Mission_Difficulty values('S',833140,374700);
insert into IMission_has_Item values(3,2);
insert into Item values(4,4,NULL,'VioletSlugs','C',22,417);
insert into Item_Name values('VioletSlugs','Praesent orci tortor, ullamcorper vel nunc non, luctus ultrices turpis. Cras ornare, purus eget suscipit dictum, dui lorem euismod erat, vel malesuada lacus dolor fermentum.');
insert into Monster values(4,'PeachBroodBarracuda','SentLime',3,100,'T');
insert into Team values('Neat Strums','S',4);
update Hunter set teamName = 'Neat Strums' where hunterID =4;
insert into Hunting_missions values(4,NULL,NULL,4,520815,488342,'Fusce sed ipsum a dui dapibus dictum luctus eget massa. Nullam sem sem, iaculis id metus ut, pulvinar blandit purus. Nullam tristique nisl eget arcu.','2017-08-11',NULL,NULL,NULL,NULL);
insert into Hunting_missions_difficulty values('S',520815,488342);
insert into MMission_has_Monster values(4,2);
insert into Item_Foraging_Mission values(4,NULL,NULL,1,400012,470169,'Cras scelerisque in elit vel pharetra. Nulla posuere neque metus. In accumsan quis ex a luctus. Curabitur nec varius mi. Donec sit amet est vel.','2017-08-11',NULL,NULL,NULL,NULL);
insert into Item_Mission_Difficulty values('S',400012,470169);
insert into IMission_has_Item values(4,1);
insert into Item values(5,5,NULL,'CoralHaaf','S',69,114617);
insert into Item_Name values('CoralHaaf','Pellentesque habitant morbi tristique senectus et netus et malesuada fames ac turpis egestas. Nullam eget ullamcorper arcu. Curabitur dictum nisl condimentum mauris semper, et scelerisque.');
insert into Monster values(5,'BrownCrassStork','BlockedSapphire',1,100,'F');
insert into Hunting_missions values(5,NULL,'null',5,321905,80448,'Quisque aliquam magna ac pellentesque aliquet. Ut a magna vitae odio consequat faucibus vitae non felis. Morbi sodales auctor tristique. Nam eu mi quis erat.','2017-08-11',NULL,NULL,NULL,NULL);
insert into Hunting_missions_difficulty values('S',321905,80448);
insert into MMission_has_Monster values(5,2);
insert into Item_Foraging_Mission values(5,NULL,'null',1,650019,370765,'Quisque aliquam magna ac pellentesque aliquet. Ut a magna vitae odio consequat faucibus vitae non felis. Morbi sodales auctor tristique. Nam eu mi quis erat.','2017-08-11',NULL,NULL,NULL,NULL);
insert into Item_Mission_Difficulty values('S',650019,370765);
insert into IMission_has_Item values(5,1);
insert into Item values(6,6,NULL,'LavenderPlea','E',15,938);
insert into Item_Name values('LavenderPlea','Aenean cursus elit arcu, eget porttitor lacus pharetra sed. Etiam quis tristique urna. Nulla ut orci orci. Curabitur eu justo ut mi placerat rhoncus id.');
insert into Monster values(6,'RoseLashedGaur','BlandGold',65,100,'T');
insert into Team values('Feal Tole','B',6);
update Hunter set teamName = 'Feal Tole' where hunterID =6;
insert into Hunting_missions values(6,NULL,NULL,6,869328,580416,'Aenean cursus elit arcu, eget porttitor lacus pharetra sed. Etiam quis tristique urna. Nulla ut orci orci. Curabitur eu justo ut mi placerat rhoncus id.','2017-08-11',NULL,NULL,NULL,NULL);
insert into Hunting_missions_difficulty values('S',869328,580416);
insert into MMission_has_Monster values(6,1);
insert into Item_Foraging_Mission values(6,NULL,NULL,5,722157,235085,'Nulla in eleifend augue. Praesent ultricies dapibus velit, nec volutpat odio semper feugiat. Sed vitae porttitor massa. Integer ac finibus enim. Suspendisse imperdiet sollicitudin ex, aliquam congue mi vestibulum vel. Suspendisse nec tristique mauris. Nunc metus felis, gravida ut faucibus et, bibendum nec nunc. Proin dictum dapibus risus et luctus.','2017-08-11',NULL,NULL,NULL,NULL);
insert into Item_Mission_Difficulty values('A',722157,235085);
insert into IMission_has_Item values(6,3);
insert into Item values(7,7,NULL,'AquamarinePlugs','C',41,710);
insert into Item_Name values('AquamarinePlugs','Integer turpis arcu, ultricies pulvinar metus at, ultricies commodo purus. Duis in enim semper tortor sagittis egestas. Phasellus rhoncus vel nisl sit amet gravida. Donec.');
insert into Monster values(7,'IvoryShelledNightingale','TriedCherry',112,100,'T');
insert into Hunting_missions values(7,NULL,'null',7,444780,199769,'Nulla in eleifend augue. Praesent ultricies dapibus velit, nec volutpat odio semper feugiat. Sed vitae porttitor massa. Integer ac finibus enim. Suspendisse imperdiet sollicitudin ex, aliquam congue mi vestibulum vel. Suspendisse nec tristique mauris. Nunc metus felis, gravida ut faucibus et, bibendum nec nunc. Proin dictum dapibus risus et luctus.','2017-08-11',NULL,NULL,NULL,NULL);
insert into Hunting_missions_difficulty values('S',444780,199769);
insert into MMission_has_Monster values(7,4);
insert into Item_Foraging_Mission values(7,NULL,'null',6,475477,301258,'Suspendisse porttitor dignissim sem, eu faucibus metus fringilla ut. Fusce massa enim, dictum quis tristique sed, tristique quis enim. In lectus sapien, cursus vel ultrices.','2017-08-11',NULL,NULL,NULL,NULL);
insert into Item_Mission_Difficulty values('A',475477,301258);
insert into IMission_has_Item values(7,3);
insert into Item values(8,8,NULL,'OnyxStours','C',14,113);
insert into Item_Name values('OnyxStours','Cras scelerisque in elit vel pharetra. Nulla posuere neque metus. In accumsan quis ex a luctus. Curabitur nec varius mi. Donec sit amet est vel.');
insert into Monster values(8,'CyanFouWorm','SoughtBlue',80,100,'F');
insert into Team values('Looped Cures','C',8);
update Hunter set teamName = 'Looped Cures' where hunterID =8;
insert into Hunting_missions values(8,NULL,NULL,8,538141,158383,'Cras scelerisque in elit vel pharetra. Nulla posuere neque metus. In accumsan quis ex a luctus. Curabitur nec varius mi. Donec sit amet est vel.','2017-08-11',NULL,NULL,NULL,NULL);
insert into Hunting_missions_difficulty values('S',538141,158383);
insert into MMission_has_Monster values(8,2);
insert into Item_Foraging_Mission values(8,NULL,NULL,5,817724,455220,'Sed sed eros nec velit ornare euismod id ut dolor. Etiam turpis ligula, viverra eget hendrerit eu, suscipit et urna. Maecenas consequat metus ut odio lobortis tristique. Phasellus tincidunt eros et commodo pulvinar. Nam vel mollis tortor. Suspendisse potenti. Morbi vel rutrum nunc. Vestibulum eget ex eu erat convallis fermentum.','2017-08-11',NULL,NULL,NULL,NULL);
insert into Item_Mission_Difficulty values('S',817724,455220);
insert into IMission_has_Item values(8,6);
insert into Item values(9,9,NULL,'CopperWoe','S',35,229971);
insert into Item_Name values('CopperWoe','Integer turpis arcu, ultricies pulvinar metus at, ultricies commodo purus. Duis in enim semper tortor sagittis egestas. Phasellus rhoncus vel nisl sit amet gravida. Donec.');
insert into Monster values(9,'SiennaBlaeWolverine','HeighBlack',31,100,'F');
insert into Hunting_missions values(9,NULL,'null',9,476599,511113,'Aenean cursus elit arcu, eget porttitor lacus pharetra sed. Etiam quis tristique urna. Nulla ut orci orci. Curabitur eu justo ut mi placerat rhoncus id.','2017-08-11',NULL,NULL,NULL,NULL);
insert into Hunting_missions_difficulty values('S',476599,511113);
insert into MMission_has_Monster values(9,3);
insert into Item_Foraging_Mission values(9,NULL,'null',4,285752,286841,'Integer turpis arcu, ultricies pulvinar metus at, ultricies commodo purus. Duis in enim semper tortor sagittis egestas. Phasellus rhoncus vel nisl sit amet gravida. Donec.','2017-08-11',NULL,NULL,NULL,NULL);
insert into Item_Mission_Difficulty values('S',285752,286841);
insert into IMission_has_Item values(9,1);
insert into Item values(10,10,NULL,'GreyWreaths','B',0,7918);
insert into Item_Name values('GreyWreaths','Vestibulum nec egestas lorem. Phasellus euismod neque ut vehicula lobortis. Nulla posuere euismod dignissim. Donec vel eros pellentesque, fermentum arcu id, mollis dui. Sed libero.');
insert into Monster values(10,'BlackScraptiger','SwitchTan',51,100,'F');
insert into Team values('Barred Poi','S',10);
update Hunter set teamName = 'Barred Poi' where hunterID =10;
insert into Hunting_missions values(10,NULL,NULL,10,280941,529523,'Nulla eget faucibus ipsum. Curabitur vehicula feugiat magna, ac vehicula leo mattis at. Sed sapien ipsum, vehicula at lectus id, viverra ullamcorper erat. Nam sit.','2017-08-11',NULL,NULL,NULL,NULL);
insert into Hunting_missions_difficulty values('S',280941,529523);
insert into MMission_has_Monster values(10,6);
insert into Item_Foraging_Mission values(10,NULL,NULL,8,214700,255362,'Ut sit amet lectus lorem. Proin hendrerit diam et metus eleifend, quis pulvinar ligula rutrum. Aliquam nec vestibulum elit. Aliquam ut vestibulum velit, id venenatis.','2017-08-11',NULL,NULL,NULL,NULL);
insert into Item_Mission_Difficulty values('C',214700,255362);
insert into IMission_has_Item values(10,9);
insert into Item values(11,11,NULL,'AquamarineSikes','D',12,523);
insert into Item_Name values('AquamarineSikes','Cras scelerisque in elit vel pharetra. Nulla posuere neque metus. In accumsan quis ex a luctus. Curabitur nec varius mi. Donec sit amet est vel.');
insert into Monster values(11,'BronzeBrochStingray','FarGold',112,100,'T');
insert into Hunting_missions values(11,NULL,'null',11,713200,132539,'Cras scelerisque in elit vel pharetra. Nulla posuere neque metus. In accumsan quis ex a luctus. Curabitur nec varius mi. Donec sit amet est vel.','2017-08-11',NULL,NULL,NULL,NULL);
insert into Hunting_missions_difficulty values('A',713200,132539);
insert into MMission_has_Monster values(11,9);
insert into Item_Foraging_Mission values(11,NULL,'null',0,676059,92505,'Nulla in eleifend augue. Praesent ultricies dapibus velit, nec volutpat odio semper feugiat. Sed vitae porttitor massa. Integer ac finibus enim. Suspendisse imperdiet sollicitudin ex, aliquam congue mi vestibulum vel. Suspendisse nec tristique mauris. Nunc metus felis, gravida ut faucibus et, bibendum nec nunc. Proin dictum dapibus risus et luctus.','2017-08-11',NULL,NULL,NULL,NULL);
insert into Item_Mission_Difficulty values('S',676059,92505);
insert into IMission_has_Item values(11,6);
insert into Item values(12,12,NULL,'TealClinch','B',60,4679);
insert into Item_Name values('TealClinch','Suspendisse porttitor dignissim sem, eu faucibus metus fringilla ut. Fusce massa enim, dictum quis tristique sed, tristique quis enim. In lectus sapien, cursus vel ultrices.');
insert into Monster values(12,'YellowSizeHummingbird','ThaeTurquoise',125,100,'T');
insert into Team values('Worst Yarns','B',12);
update Hunter set teamName = 'Worst Yarns' where hunterID =12;
insert into Hunting_missions values(12,NULL,NULL,12,913121,383016,'Praesent orci tortor, ullamcorper vel nunc non, luctus ultrices turpis. Cras ornare, purus eget suscipit dictum, dui lorem euismod erat, vel malesuada lacus dolor fermentum.','2017-08-11',NULL,NULL,NULL,NULL);
insert into Hunting_missions_difficulty values('S',913121,383016);
insert into MMission_has_Monster values(12,4);
insert into Item_Foraging_Mission values(12,NULL,NULL,7,588831,102594,'Suspendisse porttitor dignissim sem, eu faucibus metus fringilla ut. Fusce massa enim, dictum quis tristique sed, tristique quis enim. In lectus sapien, cursus vel ultrices.','2017-08-11',NULL,NULL,NULL,NULL);
insert into Item_Mission_Difficulty values('S',588831,102594);
insert into IMission_has_Item values(12,1);
insert into Item values(13,13,NULL,'ChartreuseMange','D',34,699);
insert into Item_Name values('ChartreuseMange','Ut sit amet lectus lorem. Proin hendrerit diam et metus eleifend, quis pulvinar ligula rutrum. Aliquam nec vestibulum elit. Aliquam ut vestibulum velit, id venenatis.');
insert into Monster values(13,'LavenderPlumpDeer','TwpBeige',145,100,'T');
insert into Hunting_missions values(13,NULL,'null',13,553619,159770,'Suspendisse porttitor dignissim sem, eu faucibus metus fringilla ut. Fusce massa enim, dictum quis tristique sed, tristique quis enim. In lectus sapien, cursus vel ultrices.','2017-08-11',NULL,NULL,NULL,NULL);
insert into Hunting_missions_difficulty values('S',553619,159770);
insert into MMission_has_Monster values(13,5);
insert into Item_Foraging_Mission values(13,NULL,'null',9,569967,230307,'Quisque aliquam magna ac pellentesque aliquet. Ut a magna vitae odio consequat faucibus vitae non felis. Morbi sodales auctor tristique. Nam eu mi quis erat.','2017-08-11',NULL,NULL,NULL,NULL);
insert into Item_Mission_Difficulty values('A',569967,230307);
insert into IMission_has_Item values(13,3);
insert into Item values(14,14,NULL,'BlackClams','C',5,924);
insert into Item_Name values('BlackClams','Aenean cursus elit arcu, eget porttitor lacus pharetra sed. Etiam quis tristique urna. Nulla ut orci orci. Curabitur eu justo ut mi placerat rhoncus id.');
insert into Monster values(14,'VioletCrutchedturkey','FealFuchsia',40,100,'F');
insert into Team values('Lax Slain','C',14);
update Hunter set teamName = 'Lax Slain' where hunterID =14;
insert into Hunting_missions values(14,NULL,NULL,14,792628,111753,'Ut sit amet lectus lorem. Proin hendrerit diam et metus eleifend, quis pulvinar ligula rutrum. Aliquam nec vestibulum elit. Aliquam ut vestibulum velit, id venenatis.','2017-08-11',NULL,NULL,NULL,NULL);
insert into Hunting_missions_difficulty values('S',792628,111753);
insert into MMission_has_Monster values(14,12);
insert into Item_Foraging_Mission values(14,NULL,NULL,12,388163,333109,'Integer turpis arcu, ultricies pulvinar metus at, ultricies commodo purus. Duis in enim semper tortor sagittis egestas. Phasellus rhoncus vel nisl sit amet gravida. Donec.','2017-08-11',NULL,NULL,NULL,NULL);
insert into Item_Mission_Difficulty values('S',388163,333109);
insert into IMission_has_Item values(14,3);
