insert into Hunter_experience values(409,1);
insert into Hunter values(0,'Gorged Smells',18,'M',409,126570,NULL);
insert into MissionHolder_reputation values(4405528,'S');
insert into MissionHolder values(0,23,'Shrill Skiff',4405528);
insert into Hunter_experience values(1079,10);
insert into Hunter values(1,'Lit Tyke',18,'M',1079,977257,NULL);
insert into MissionHolder_reputation values(7610197,'S');
insert into MissionHolder values(1,62,'Same You',7610197);
insert into Hunter_experience values(2134,10);
insert into Hunter values(2,'Crossed Swoosh',32,'M',2134,212523,NULL);
insert into MissionHolder_reputation values(9987296,'S');
insert into MissionHolder values(2,12,'Lipped Calques',9987296);
insert into Hunter_experience values(7260,50);
insert into Hunter values(3,'Arch Throngs',58,'M',7260,886764,NULL);
insert into MissionHolder_reputation values(8651872,'S');
insert into MissionHolder values(3,17,'Rash Pistes',8651872);
insert into Hunter_experience values(2270,10);
insert into Hunter values(4,'Bit Tome',67,'F',2270,203149,NULL);
insert into MissionHolder_reputation values(7642903,'S');
insert into MissionHolder values(4,43,'Nae Grist',7642903);
insert into Hunter_experience values(8741,50);
insert into Hunter values(5,'Said Thews',74,'F',8741,866560,NULL);
insert into MissionHolder_reputation values(6819851,'S');
insert into MissionHolder values(5,7,'Frigid Flings',6819851);
insert into Hunter_experience values(3625,25);
insert into Hunter values(6,'Gauge Choir',18,'F',3625,13363,NULL);
insert into MissionHolder_reputation values(733214,'S');
insert into MissionHolder values(6,26,'Moldy Boob',733214);
insert into Hunter_experience values(6117,50);
insert into Hunter values(7,'Bluff Dream',14,'F',6117,460546,NULL);
insert into MissionHolder_reputation values(1126983,'S');
insert into MissionHolder values(7,23,'Near Stuff',1126983);
insert into Hunter_experience values(5655,50);
insert into Hunter values(8,'Wide When',35,'F',5655,580459,NULL);
insert into MissionHolder_reputation values(6582674,'S');
insert into MissionHolder values(8,59,'Toothed Gags',6582674);
insert into Hunter_experience values(9199,100);
insert into Hunter values(9,'Crowned Gaff',2,'F',9199,465995,NULL);
insert into MissionHolder_reputation values(3910250,'S');
insert into MissionHolder values(9,71,'Sad Burks',3910250);
insert into Hunter_experience values(6486,50);
insert into Hunter values(10,'Heigh Clime',65,'F',6486,755841,NULL);
insert into MissionHolder_reputation values(9357316,'S');
insert into MissionHolder values(10,24,'Skint Surge',9357316);
insert into Hunter_experience values(3374,25);
insert into Hunter values(11,'Ult Tints',45,'F',3374,404489,NULL);
insert into MissionHolder_reputation values(7731688,'S');
insert into MissionHolder values(11,79,'Sly Fykes',7731688);
insert into Hunter_experience values(9315,100);
insert into Hunter values(12,'Droll Mops',89,'F',9315,451033,NULL);
insert into MissionHolder_reputation values(1230799,'S');
insert into MissionHolder values(12,0,'Teen Skeigh',1230799);
insert into Hunter_experience values(7210,50);
insert into Hunter values(13,'Tierced Grudge',7,'M',7210,2541,NULL);
insert into MissionHolder_reputation values(1714094,'S');
insert into MissionHolder values(13,12,'Cool Autos',1714094);
insert into Hunter_experience values(2792,25);
insert into Hunter values(14,'Harsh Seeks',35,'M',2792,672474,NULL);
insert into MissionHolder_reputation values(4427676,'S');
insert into MissionHolder values(14,32,'Mailed Skits',4427676);
insert into Hunter_experience values(4297,25);
insert into Hunter values(15,'Done Steers',68,'M',4297,520675,NULL);
insert into MissionHolder_reputation values(9527656,'S');
insert into MissionHolder values(15,85,'Quaint Tzar',9527656);
insert into Hunter_experience values(4953,25);
insert into Hunter values(16,'Stalked Shears',8,'M',4953,624773,NULL);
insert into MissionHolder_reputation values(3324593,'S');
insert into MissionHolder values(16,25,'Store Nobs',3324593);
insert into Hunter_experience values(7253,50);
insert into Hunter values(17,'Trad Schisms',57,'M',7253,69361,NULL);
insert into MissionHolder_reputation values(3636249,'S');
insert into MissionHolder values(17,10,'Snide Shacks',3636249);
insert into Hunter_experience values(8426,50);
insert into Hunter values(18,'Kept Arm',95,'F',8426,851233,NULL);
insert into MissionHolder_reputation values(853377,'S');
insert into MissionHolder values(18,48,'Liege Stiles',853377);
insert into Hunter_experience values(9613,100);
insert into Hunter values(19,'Cracked Frowns',13,'F',9613,694791,NULL);
insert into MissionHolder_reputation values(473239,'A');
insert into MissionHolder values(19,29,'Girt Pates',473239);
insert into Item values(1,1,NULL,'FuchsiaPiles','B',98,9066);
insert into Item_Name values('FuchsiaPiles','Nulla eget faucibus ipsum. Curabitur vehicula feugiat magna, ac vehicula leo mattis at. Sed sapien ipsum, vehicula at lectus id, viverra ullamcorper erat. Nam sit.');
insert into Monster values(1,'AzureBoiledbeaver','HickTan',25,100,'F');
insert into Hunting_missions values(1,NULL,NULL,1,518646,321992,'Nulla eget faucibus ipsum. Curabitur vehicula feugiat magna, ac vehicula leo mattis at. Sed sapien ipsum, vehicula at lectus id, viverra ullamcorper erat. Nam sit.','2017-08-11',NULL,'2017-04-20',NULL,NULL);
insert into Hunting_missions_difficulty values('A',518646,321992);
insert into MMission_has_Monster values(1,1);
insert into Item_Foraging_Mission values(1,NULL,NULL,0,662010,556699,'Ut sit amet lectus lorem. Proin hendrerit diam et metus eleifend, quis pulvinar ligula rutrum. Aliquam nec vestibulum elit. Aliquam ut vestibulum velit, id venenatis.','2017-08-11',NULL,'2017-04-20',NULL,NULL);
insert into Item_Mission_Difficulty values('S',662010,556699);
insert into IMission_has_Item values(1,1);
insert into Item values(2,2,NULL,'CyanTroll','S',48,195046);
insert into Item_Name values('CyanTroll','Pellentesque habitant morbi tristique senectus et netus et malesuada fames ac turpis egestas. Nullam eget ullamcorper arcu. Curabitur dictum nisl condimentum mauris semper, et scelerisque.');
insert into Monster values(2,'BeigeSwellLobster','SprucePurple',3,100,'T');
insert into Team values('Murk Clutch','S',2);
update Hunter set teamName = 'Murk Clutch' where hunterID =2;
insert into Hunting_missions values(2,NULL,'Murk Clutch',2,371803,62814,'Vestibulum nec egestas lorem. Phasellus euismod neque ut vehicula lobortis. Nulla posuere euismod dignissim. Donec vel eros pellentesque, fermentum arcu id, mollis dui. Sed libero.','2017-08-11',NULL,'2017-04-20',NULL,NULL);
insert into Hunting_missions_difficulty values('S',371803,62814);
insert into MMission_has_Monster values(2,1);
insert into Item_Foraging_Mission values(2,NULL,'Murk Clutch',0,659026,150097,'Integer turpis arcu, ultricies pulvinar metus at, ultricies commodo purus. Duis in enim semper tortor sagittis egestas. Phasellus rhoncus vel nisl sit amet gravida. Donec.','2017-08-11',NULL,'2017-04-20',NULL,NULL);
insert into Item_Mission_Difficulty values('A',659026,150097);
insert into IMission_has_Item values(2,2);
insert into Item values(3,3,NULL,'PersimmonStope','B',30,8895);
insert into Item_Name values('PersimmonStope','Integer turpis arcu, ultricies pulvinar metus at, ultricies commodo purus. Duis in enim semper tortor sagittis egestas. Phasellus rhoncus vel nisl sit amet gravida. Donec.');
insert into Monster values(3,'VanillaCoupedDogfish','WilledCyan',79,100,'T');
insert into Hunting_missions values(3,NULL,NULL,3,2261,69964,'Aenean cursus elit arcu, eget porttitor lacus pharetra sed. Etiam quis tristique urna. Nulla ut orci orci. Curabitur eu justo ut mi placerat rhoncus id.','2017-08-11',NULL,'2017-04-20',NULL,NULL);
insert into Hunting_missions_difficulty values('A',2261,69964);
insert into MMission_has_Monster values(3,2);
insert into Item_Foraging_Mission values(3,NULL,NULL,0,973622,428839,'Integer turpis arcu, ultricies pulvinar metus at, ultricies commodo purus. Duis in enim semper tortor sagittis egestas. Phasellus rhoncus vel nisl sit amet gravida. Donec.','2017-08-11',NULL,'2017-04-20',NULL,NULL);
insert into Item_Mission_Difficulty values('S',973622,428839);
insert into IMission_has_Item values(3,2);
insert into Item values(4,4,NULL,'OlivePaunch','A',73,26422);
insert into Item_Name values('OlivePaunch','Vestibulum nec egestas lorem. Phasellus euismod neque ut vehicula lobortis. Nulla posuere euismod dignissim. Donec vel eros pellentesque, fermentum arcu id, mollis dui. Sed libero.');
insert into Monster values(4,'BrownGlumtortoise','PanedOnyx',75,100,'T');
insert into Team values('Wud Grinds','A',4);
update Hunter set teamName = 'Wud Grinds' where hunterID =4;
insert into Hunting_missions values(4,NULL,'Wud Grinds',4,541153,127806,'Integer turpis arcu, ultricies pulvinar metus at, ultricies commodo purus. Duis in enim semper tortor sagittis egestas. Phasellus rhoncus vel nisl sit amet gravida. Donec.','2017-08-11',NULL,'2017-04-20',NULL,NULL);
insert into Hunting_missions_difficulty values('A',541153,127806);
insert into MMission_has_Monster values(4,2);
insert into Item_Foraging_Mission values(4,NULL,'Wud Grinds',0,46888,400303,'Nulla eget faucibus ipsum. Curabitur vehicula feugiat magna, ac vehicula leo mattis at. Sed sapien ipsum, vehicula at lectus id, viverra ullamcorper erat. Nam sit.','2017-08-11',NULL,'2017-04-20'',NULL,NULL);
insert into Item_Mission_Difficulty values('C',46888,400303);
insert into IMission_has_Item values(4,1);
insert into Item values(5,5,NULL,'RedEbb','C',83,291);
insert into Item_Name values('RedEbb','Cras scelerisque in elit vel pharetra. Nulla posuere neque metus. In accumsan quis ex a luctus. Curabitur nec varius mi. Donec sit amet est vel.');
insert into Monster values(5,'BeigeAllDogfish','ShelledPeach',144,100,'T');
insert into Hunting_missions values(5,NULL,NULL,5,358233,523900,'Aenean cursus elit arcu, eget porttitor lacus pharetra sed. Etiam quis tristique urna. Nulla ut orci orci. Curabitur eu justo ut mi placerat rhoncus id.','2017-08-11',NULL,'2017-04-20',NULL,NULL);
insert into Hunting_missions_difficulty values('S',358233,523900);
insert into MMission_has_Monster values(5,2);
insert into Item_Foraging_Mission values(5,NULL,NULL,2,966787,119542,'Integer turpis arcu, ultricies pulvinar metus at, ultricies commodo purus. Duis in enim semper tortor sagittis egestas. Phasellus rhoncus vel nisl sit amet gravida. Donec.','2017-08-11',NULL,'2017-04-20',NULL,NULL);
insert into Item_Mission_Difficulty values('S',966787,119542);
insert into IMission_has_Item values(5,2);
insert into Item values(6,6,NULL,'GreenScheme','E',78,21);
insert into Item_Name values('GreenScheme','Ut sit amet lectus lorem. Proin hendrerit diam et metus eleifend, quis pulvinar ligula rutrum. Aliquam nec vestibulum elit. Aliquam ut vestibulum velit, id venenatis.');
insert into Monster values(6,'CopperSkinnedBat','PseudOnyx',114,100,'F');
insert into Team values('Toed Yew','C',6);
update Hunter set teamName = 'Toed Yew' where hunterID =6;
insert into Hunting_missions values(6,NULL,'Toed Yew',6,115756,334259,'Cras facilisis, ligula quis tempor finibus, erat ex pharetra metus, eu blandit ligula magna eu sem. Mauris imperdiet mauris tellus, nec vestibulum justo hendrerit eu. Nulla luctus erat in est tempus luctus. Praesent in elit ex. Pellentesque mattis justo vel ipsum molestie, eu aliquet neque finibus. Donec malesuada risus id.','2017-08-11',NULL,'2017-04-20',NULL,NULL);
insert into Hunting_missions_difficulty values('A',115756,334259);
insert into MMission_has_Monster values(6,1);
insert into Item_Foraging_Mission values(6,NULL,'Toed Yew',5,183020,26294,'Suspendisse porttitor dignissim sem, eu faucibus metus fringilla ut. Fusce massa enim, dictum quis tristique sed, tristique quis enim. In lectus sapien, cursus vel ultrices.','2017-08-11',NULL,'2017-04-20'',NULL,NULL);
insert into Item_Mission_Difficulty values('B',183020,26294);
insert into IMission_has_Item values(6,1);
insert into Item values(7,7,NULL,'CherryTrice','B',89,1040);
insert into Item_Name values('CherryTrice','Cras facilisis, ligula quis tempor finibus, erat ex pharetra metus, eu blandit ligula magna eu sem. Mauris imperdiet mauris tellus, nec vestibulum justo hendrerit eu. Nulla luctus erat in est tempus luctus. Praesent in elit ex. Pellentesque mattis justo vel ipsum molestie, eu aliquet neque finibus. Donec malesuada risus id.');
insert into Monster values(7,'CopperZonkedDove','FraughtRed',128,100,'F');
insert into Hunting_missions values(7,NULL,NULL,7,491243,146215,'Nulla in eleifend augue. Praesent ultricies dapibus velit, nec volutpat odio semper feugiat. Sed vitae porttitor massa. Integer ac finibus enim. Suspendisse imperdiet sollicitudin ex, aliquam congue mi vestibulum vel. Suspendisse nec tristique mauris. Nunc metus felis, gravida ut faucibus et, bibendum nec nunc. Proin dictum dapibus risus et luctus.','2017-08-11',NULL,'2017-04-20',NULL,NULL);
insert into Hunting_missions_difficulty values('A',491243,146215);
insert into MMission_has_Monster values(7,5);
insert into Item_Foraging_Mission values(7,NULL,NULL,3,876799,320734,'Ut sit amet lectus lorem. Proin hendrerit diam et metus eleifend, quis pulvinar ligula rutrum. Aliquam nec vestibulum elit. Aliquam ut vestibulum velit, id venenatis.','2017-08-11',NULL,'2017-04-20',NULL,NULL);
insert into Item_Mission_Difficulty values('S',876799,320734);
insert into IMission_has_Item values(7,4);
insert into Item values(8,8,NULL,'CopperRoutes','D',84,220);
insert into Item_Name values('CopperRoutes','Fusce sed ipsum a dui dapibus dictum luctus eget massa. Nullam sem sem, iaculis id metus ut, pulvinar blandit purus. Nullam tristique nisl eget arcu.');
insert into Monster values(8,'AmberMimTarsier','IcedPink',126,100,'F');
insert into Team values('Meek Raff','D',8);
update Hunter set teamName = 'Meek Raff' where hunterID =8;
insert into Hunting_missions values(8,NULL,'Meek Raff',8,102100,150529,'Aenean cursus elit arcu, eget porttitor lacus pharetra sed. Etiam quis tristique urna. Nulla ut orci orci. Curabitur eu justo ut mi placerat rhoncus id.','2017-08-11',NULL,'2017-04-20',NULL,NULL);
insert into Hunting_missions_difficulty values('D',102100,150529);
insert into MMission_has_Monster values(8,5);
insert into Item_Foraging_Mission values(8,NULL,'Meek Raff',7,69392,417927,'Integer turpis arcu, ultricies pulvinar metus at, ultricies commodo purus. Duis in enim semper tortor sagittis egestas. Phasellus rhoncus vel nisl sit amet gravida. Donec.','2017-08-11',NULL,'2017-04-20'',NULL,NULL);
insert into Item_Mission_Difficulty values('C',69392,417927);
insert into IMission_has_Item values(8,1);
insert into Item values(9,9,NULL,'BlueDoze','B',25,1100);
insert into Item_Name values('BlueDoze','Cras scelerisque in elit vel pharetra. Nulla posuere neque metus. In accumsan quis ex a luctus. Curabitur nec varius mi. Donec sit amet est vel.');
insert into Monster values(9,'BlueDreerooster','NeshIndigo',56,100,'F');
insert into Hunting_missions values(9,NULL,NULL,9,129292,441653,'Nulla eget faucibus ipsum. Curabitur vehicula feugiat magna, ac vehicula leo mattis at. Sed sapien ipsum, vehicula at lectus id, viverra ullamcorper erat. Nam sit.','2017-08-11',NULL,'2017-04-20',NULL,NULL);
insert into Hunting_missions_difficulty values('S',129292,441653);
insert into MMission_has_Monster values(9,2);
insert into Item_Foraging_Mission values(9,NULL,NULL,3,914693,219234,'Ut sit amet lectus lorem. Proin hendrerit diam et metus eleifend, quis pulvinar ligula rutrum. Aliquam nec vestibulum elit. Aliquam ut vestibulum velit, id venenatis.','2017-08-11',NULL,'2017-04-20',NULL,NULL);
insert into Item_Mission_Difficulty values('A',914693,219234);
insert into IMission_has_Item values(9,4);
insert into Item values(10,10,NULL,'IndigoSnogs','S',93,150357);
insert into Item_Name values('IndigoSnogs','Suspendisse porttitor dignissim sem, eu faucibus metus fringilla ut. Fusce massa enim, dictum quis tristique sed, tristique quis enim. In lectus sapien, cursus vel ultrices.');
insert into Monster values(10,'TurquoisePissedBat','TiedOrange',65,100,'F');
insert into Team values('Hick Spires','A',10);
update Hunter set teamName = 'Hick Spires' where hunterID =10;
insert into Hunting_missions values(10,NULL,'Hick Spires',10,573518,383214,'Nulla eget faucibus ipsum. Curabitur vehicula feugiat magna, ac vehicula leo mattis at. Sed sapien ipsum, vehicula at lectus id, viverra ullamcorper erat. Nam sit.','2017-08-11',NULL,'2017-04-20',NULL,NULL);
insert into Hunting_missions_difficulty values('S',573518,383214);
insert into MMission_has_Monster values(10,8);
insert into Item_Foraging_Mission values(10,NULL,'Hick Spires',1,725426,169989,'Ut sit amet lectus lorem. Proin hendrerit diam et metus eleifend, quis pulvinar ligula rutrum. Aliquam nec vestibulum elit. Aliquam ut vestibulum velit, id venenatis.','2017-08-11',NULL,'2017-04-20'',NULL,NULL);
insert into Item_Mission_Difficulty values('A',725426,169989);
insert into IMission_has_Item values(10,4);
insert into Item values(11,11,NULL,'PeachBlight','E',46,943);
insert into Item_Name values('PeachBlight','Cras facilisis, ligula quis tempor finibus, erat ex pharetra metus, eu blandit ligula magna eu sem. Mauris imperdiet mauris tellus, nec vestibulum justo hendrerit eu. Nulla luctus erat in est tempus luctus. Praesent in elit ex. Pellentesque mattis justo vel ipsum molestie, eu aliquet neque finibus. Donec malesuada risus id.');
insert into Monster values(11,'TanPuirHare','DireGreen',111,100,'T');
insert into Hunting_missions values(11,NULL,NULL,11,146045,172679,'Cras scelerisque in elit vel pharetra. Nulla posuere neque metus. In accumsan quis ex a luctus. Curabitur nec varius mi. Donec sit amet est vel.','2017-08-11',NULL,'2017-04-20',NULL,NULL);
insert into Hunting_missions_difficulty values('D',146045,172679);
insert into MMission_has_Monster values(11,3);
insert into Item_Foraging_Mission values(11,NULL,NULL,2,499575,15308,'Aenean cursus elit arcu, eget porttitor lacus pharetra sed. Etiam quis tristique urna. Nulla ut orci orci. Curabitur eu justo ut mi placerat rhoncus id.','2017-08-11',NULL,'2017-04-20',NULL,NULL);
insert into Item_Mission_Difficulty values('A',499575,15308);
insert into IMission_has_Item values(11,9);
insert into Item values(12,12,NULL,'CyanGleet','B',73,3022);
insert into Item_Name values('CyanGleet','Ut sit amet lectus lorem. Proin hendrerit diam et metus eleifend, quis pulvinar ligula rutrum. Aliquam nec vestibulum elit. Aliquam ut vestibulum velit, id venenatis.');
insert into Monster values(12,'IvoryFoulWalrus','DuskOnyx',70,100,'F');
insert into Team values('Thae Cleans','S',12);
update Hunter set teamName = 'Thae Cleans' where hunterID =12;
insert into Hunting_missions values(12,NULL,'Thae Cleans',12,367025,512990,'Pellentesque habitant morbi tristique senectus et netus et malesuada fames ac turpis egestas. Nullam eget ullamcorper arcu. Curabitur dictum nisl condimentum mauris semper, et scelerisque.','2017-08-11',NULL,'2017-04-20',NULL,NULL);
insert into Hunting_missions_difficulty values('A',367025,512990);
insert into MMission_has_Monster values(12,10);
insert into Item_Foraging_Mission values(12,NULL,'Thae Cleans',9,659848,409841,'Cras facilisis, ligula quis tempor finibus, erat ex pharetra metus, eu blandit ligula magna eu sem. Mauris imperdiet mauris tellus, nec vestibulum justo hendrerit eu. Nulla luctus erat in est tempus luctus. Praesent in elit ex. Pellentesque mattis justo vel ipsum molestie, eu aliquet neque finibus. Donec malesuada risus id.','2017-08-11',NULL,'2017-04-20'',NULL,NULL);
insert into Item_Mission_Difficulty values('S',659848,409841);
insert into IMission_has_Item values(12,2);
insert into Item values(13,13,NULL,'PurpleGrope','S',98,487068);
insert into Item_Name values('PurpleGrope','Nulla eget faucibus ipsum. Curabitur vehicula feugiat magna, ac vehicula leo mattis at. Sed sapien ipsum, vehicula at lectus id, viverra ullamcorper erat. Nam sit.');
insert into Monster values(13,'CyanMobPrairie Dog','GonePersimmon',125,100,'F');
insert into Hunting_missions values(13,NULL,NULL,13,280053,510543,'Nullam et viverra magna. Aenean semper eget mauris a pulvinar. Vestibulum in commodo est. Aenean fringilla mattis lacinia. Nullam quis accumsan enim, sed dapibus ex. Proin vehicula, ante eu ultricies eleifend, mi felis lobortis massa, ac venenatis orci tellus ut ligula. Duis convallis nisi pretium, venenatis tellus condimentum, facilisis velit.','2017-08-11',NULL,'2017-04-20',NULL,NULL);
insert into Hunting_missions_difficulty values('S',280053,510543);
insert into MMission_has_Monster values(13,10);
insert into Item_Foraging_Mission values(13,NULL,NULL,0,216546,479922,'Cras facilisis, ligula quis tempor finibus, erat ex pharetra metus, eu blandit ligula magna eu sem. Mauris imperdiet mauris tellus, nec vestibulum justo hendrerit eu. Nulla luctus erat in est tempus luctus. Praesent in elit ex. Pellentesque mattis justo vel ipsum molestie, eu aliquet neque finibus. Donec malesuada risus id.','2017-08-11',NULL,'2017-04-20',NULL,NULL);
insert into Item_Mission_Difficulty values('S',216546,479922);
insert into IMission_has_Item values(13,9);
insert into Item values(14,14,NULL,'CyanSkelp','B',4,179);
insert into Item_Name values('CyanSkelp','Integer turpis arcu, ultricies pulvinar metus at, ultricies commodo purus. Duis in enim semper tortor sagittis egestas. Phasellus rhoncus vel nisl sit amet gravida. Donec.');
insert into Monster values(14,'TanLaithLocust','CoursedBrown',101,100,'F');
insert into Team values('Nowed Prey','A',14);
update Hunter set teamName = 'Nowed Prey' where hunterID =14;
insert into Hunting_missions values(14,NULL,'Nowed Prey',14,965254,408037,'Quisque aliquam magna ac pellentesque aliquet. Ut a magna vitae odio consequat faucibus vitae non felis. Morbi sodales auctor tristique. Nam eu mi quis erat.','2017-08-11',NULL,'2017-04-20',NULL,NULL);
insert into Hunting_missions_difficulty values('S',965254,408037);
insert into MMission_has_Monster values(14,2);
insert into Item_Foraging_Mission values(14,NULL,'Nowed Prey',4,783699,396305,'Cras scelerisque in elit vel pharetra. Nulla posuere neque metus. In accumsan quis ex a luctus. Curabitur nec varius mi. Donec sit amet est vel.','2017-08-11',NULL,'2017-04-20'',NULL,NULL);
insert into Item_Mission_Difficulty values('S',783699,396305);
insert into IMission_has_Item values(14,8);
