insert into Hunter values(0,'Neap Cry',44,'M',9959,488166,NULL);
insert into Hunter_experience values(9959,100);
insert into Team values('Doiled Mot','D',0);
insert into MissionHolder values(0,64,'Snug Goof',367,2195335);
insert into MissionHolder_reputation values(2195335,S);
insert into Hunter values(1,'Forte Sump',6,'F',9256,390351,NULL);
insert into Hunter_experience values(9256,100);
insert into MissionHolder values(1,38,'Lobed Chintz',114,3437116);
insert into MissionHolder_reputation values(3437116,S);
insert into Hunter values(2,'Birk Drails',86,'F',3854,848531,NULL);
insert into Hunter_experience values(3854,25);
insert into Team values('Nesh Seres','C',2);
insert into MissionHolder values(2,68,'Grave Zoo',335,7128516);
insert into MissionHolder_reputation values(7128516,S);
insert into Hunter values(3,'Twin Gabs',49,'F',6794,197292,NULL);
insert into Hunter_experience values(6794,50);
insert into MissionHolder values(3,97,'Greige Hate',65,5157541);
insert into MissionHolder_reputation values(5157541,S);
insert into Hunter values(4,'Lief Swirls',91,'M',1261,237394,NULL);
insert into Hunter_experience values(1261,10);
insert into Team values('Arched Flongs','D',4);
insert into MissionHolder values(4,64,'Spare Greets',355,2684968);
insert into MissionHolder_reputation values(2684968,S);
insert into Hunter values(5,'Dash Burghs',92,'F',775,66904,NULL);
insert into Hunter_experience values(775,1);
insert into MissionHolder values(5,17,'Frilled Starch',209,6551372);
insert into MissionHolder_reputation values(6551372,S);
insert into Hunter values(6,'Ain Gag',56,'M',871,709994,NULL);
insert into Hunter_experience values(871,1);
insert into Team values('Shaped Hymn','E',6);
insert into MissionHolder values(6,95,'Snecked Ruts',740,2941270);
insert into MissionHolder_reputation values(2941270,S);
insert into Hunter values(7,'Shorn Heugh',16,'M',4111,55487,NULL);
insert into Hunter_experience values(4111,25);
insert into MissionHolder values(7,34,'Calm Squid',111,2561121);
insert into MissionHolder_reputation values(2561121,S);
insert into Hunter values(8,'Teen Vamps',86,'M',4764,241659,NULL);
insert into Hunter_experience values(4764,25);
insert into Team values('Tart Tongs','D',8);
insert into MissionHolder values(8,44,'Dree Fluff',939,9671109);
insert into MissionHolder_reputation values(9671109,S);
insert into Hunter values(9,'Hoofed Keirs',81,'F',1231,744624,NULL);
insert into Hunter_experience values(1231,10);
insert into MissionHolder values(9,74,'Broch Gluts',659,6231175);
insert into MissionHolder_reputation values(6231175,S);
insert into Item values(87,0,NULL,'TurquoiseHose','A',62,10191);
insert into Item_Name values('TurquoiseHose','Cras scelerisque in elit vel pharetra. Nulla posuere neque metus. In accumsan quis ex a luctus. Curabitur nec varius mi. Donec sit amet est vel.');
insert into Monster values(50,'TurquoiseKinMeerkat','SexedPearl',23,100,'T');
insert into Hunting_missions values(809,NULL,0,3400,105069,'Suspendisse porttitor dignissim sem, eu faucibus metus fringilla ut. Fusce massa enim, dictum quis tristique sed, tristique quis enim. In lectus sapien, cursus vel ultrices.','2017-08-11',NULL,NULL,NULL,NULL);
insert into Hunting_missions_difficulty values(E,3400,105069);
insert into MMission_has_Monster values(809,8);
insert into Item values(39,1,NULL,'RedTog','D',29,455);
insert into Item_Name values('RedTog','Sed sed eros nec velit ornare euismod id ut dolor. Etiam turpis ligula, viverra eget hendrerit eu, suscipit et urna. Maecenas consequat metus ut odio lobortis tristique. Phasellus tincidunt eros et commodo pulvinar. Nam vel mollis tortor. Suspendisse potenti. Morbi vel rutrum nunc. Vestibulum eget ex eu erat convallis fermentum.');
insert into Monster values(7,'MaroonCheapBat','GreigeSalmon',11,100,'F');
insert into Hunting_missions values(383,NULL,1,63863,307982,'Vestibulum nec egestas lorem. Phasellus euismod neque ut vehicula lobortis. Nulla posuere euismod dignissim. Donec vel eros pellentesque, fermentum arcu id, mollis dui. Sed libero.','2017-08-11',NULL,NULL,NULL,NULL);
insert into Hunting_missions_difficulty values(C,63863,307982);
insert into MMission_has_Monster values(383,6);
insert into Item values(37,2,NULL,'OnyxGam','B',16,1683);
insert into Item_Name values('OnyxGam','Sed sed eros nec velit ornare euismod id ut dolor. Etiam turpis ligula, viverra eget hendrerit eu, suscipit et urna. Maecenas consequat metus ut odio lobortis tristique. Phasellus tincidunt eros et commodo pulvinar. Nam vel mollis tortor. Suspendisse potenti. Morbi vel rutrum nunc. Vestibulum eget ex eu erat convallis fermentum.');
insert into Monster values(47,'GreenSaidMole','SpentBlack',0,100,'T');
insert into Hunting_missions values(717,NULL,2,515791,156831,'Ut sit amet lectus lorem. Proin hendrerit diam et metus eleifend, quis pulvinar ligula rutrum. Aliquam nec vestibulum elit. Aliquam ut vestibulum velit, id venenatis.','2017-08-11',NULL,NULL,NULL,NULL);
insert into Hunting_missions_difficulty values(A,515791,156831);
insert into MMission_has_Monster values(717,3);
insert into Item values(67,3,NULL,'CoralBarbe','S',49,491940);
insert into Item_Name values('CoralBarbe','Nullam et viverra magna. Aenean semper eget mauris a pulvinar. Vestibulum in commodo est. Aenean fringilla mattis lacinia. Nullam quis accumsan enim, sed dapibus ex. Proin vehicula, ante eu ultricies eleifend, mi felis lobortis massa, ac venenatis orci tellus ut ligula. Duis convallis nisi pretium, venenatis tellus condimentum, facilisis velit.');
insert into Monster values(12,'SapphireBobsHorse','DullIvory',15,100,'T');
insert into Hunting_missions values(67,NULL,3,161640,139346,'Fusce sed ipsum a dui dapibus dictum luctus eget massa. Nullam sem sem, iaculis id metus ut, pulvinar blandit purus. Nullam tristique nisl eget arcu.','2017-08-11',NULL,NULL,NULL,NULL);
insert into Hunting_missions_difficulty values(D,161640,139346);
insert into MMission_has_Monster values(67,7);
insert into Item values(88,4,NULL,'PersimmonZing','A',26,57315);
insert into Item_Name values('PersimmonZing','Suspendisse porttitor dignissim sem, eu faucibus metus fringilla ut. Fusce massa enim, dictum quis tristique sed, tristique quis enim. In lectus sapien, cursus vel ultrices.');
insert into Monster values(27,'BronzeQuitsheep','StaleAquamarine',39,100,'F');
insert into Hunting_missions values(816,NULL,4,150950,149231,'Nulla eget faucibus ipsum. Curabitur vehicula feugiat magna, ac vehicula leo mattis at. Sed sapien ipsum, vehicula at lectus id, viverra ullamcorper erat. Nam sit.','2017-08-11',NULL,NULL,NULL,NULL);
insert into Hunting_missions_difficulty values(C,150950,149231);
insert into MMission_has_Monster values(816,8);
insert into Item values(7,5,NULL,'AmberBlague','C',7,436);
insert into Item_Name values('AmberBlague','Nullam et viverra magna. Aenean semper eget mauris a pulvinar. Vestibulum in commodo est. Aenean fringilla mattis lacinia. Nullam quis accumsan enim, sed dapibus ex. Proin vehicula, ante eu ultricies eleifend, mi felis lobortis massa, ac venenatis orci tellus ut ligula. Duis convallis nisi pretium, venenatis tellus condimentum, facilisis velit.');
insert into Monster values(29,'PeachGoneElephant seal','HaltSienna',7,100,'F');
insert into Hunting_missions values(244,NULL,5,772386,16015,'Cras facilisis, ligula quis tempor finibus, erat ex pharetra metus, eu blandit ligula magna eu sem. Mauris imperdiet mauris tellus, nec vestibulum justo hendrerit eu. Nulla luctus erat in est tempus luctus. Praesent in elit ex. Pellentesque mattis justo vel ipsum molestie, eu aliquet neque finibus. Donec malesuada risus id.','2017-08-11',NULL,NULL,NULL,NULL);
insert into Hunting_missions_difficulty values(S,772386,16015);
insert into MMission_has_Monster values(244,8);
insert into Item values(57,6,NULL,'PersimmonFarls','D',57,218);
insert into Item_Name values('PersimmonFarls','Vestibulum nec egestas lorem. Phasellus euismod neque ut vehicula lobortis. Nulla posuere euismod dignissim. Donec vel eros pellentesque, fermentum arcu id, mollis dui. Sed libero.');
insert into Monster values(24,'RubyFrailDonkey','BlaeYellow',96,100,'T');
insert into Hunting_missions values(677,NULL,6,469354,221981,'Quisque aliquam magna ac pellentesque aliquet. Ut a magna vitae odio consequat faucibus vitae non felis. Morbi sodales auctor tristique. Nam eu mi quis erat.','2017-08-11',NULL,NULL,NULL,NULL);
insert into Hunting_missions_difficulty values(A,469354,221981);
insert into MMission_has_Monster values(677,9);
